id	area	session	status	script	results	question
s1	11_toys_synthetic	S1	supported (synthetic)	scripts/s1_synthetic.py	results/s1_*.json	Is WDD identification just generic sparse recovery?
s1b	11_toys_synthetic	S1	retracted (replaced by s1e)	scripts/s1b_diffuse.py	results/s1b_*.json	Does diffuse cancellation reproduce the real one-shot >= OMP regime?
s1c	11_toys_synthetic	S1	retracted (replaced by s1e, s1f)	scripts/s1c_cancellers.py	results/s1c_*.json	Which canceller configurations defeat OMP?
s1d	11_toys_synthetic	S1	retracted (replaced by s1e, s1f)	scripts/s1d_reinforcers.py	results/s1d_*.json	Do reinforcing partners let OMP explain the write away?
s1e	11_toys_synthetic	S1	supported (synthetic)	scripts/s1e_partners.py	results/s1e_*.json	With appended partner atoms, which structures reproduce one-shot >= OMP?
s1f	11_toys_synthetic	S1	supported (synthetic; narrowed by e181)	scripts/s1f_majority.py	results/s1f_*.json	Does heavy reinforcement by later writers hide the original writer?
s2	11_toys_synthetic	S1	supported (v2; synthetic)	scripts/s2_layered.py	results/s2_*.json	Does cross-block sharing defeat state reading; can reconstruction certify provenance?
e00	01_method	S1	tool (gate passed)	scripts/e00_gate.py	results/e00_*.json	Does the new pipeline reproduce the paper's GPT-2 L6 numbers?
e01	01_method	S1	established	scripts/e01_layer_sweep.py	results/e01_*.json	How do FVU and identification change with depth?
e02	03_increments_depth_targets	S1	established (baseline caveat: audit)	scripts/e02_delta_wdd.py	results/e02_*.json	Is a block's write readable from its own increment?
e03	01_method	S1	established	scripts/e03_dictionary_theory.py	results/e03_*.json	Which data-free dictionary property explains the weight-vs-rotated gap?
e04	01_method	S1	established (5 models)	scripts/e04_solvers.py	results/e04_*.json	Which sparse solver identifies the dominant write best?
e05	02_readability_law	S1	established (audit: one key mislabelled)	scripts/e05_neuron_observability.py	results/e05_*.json	Is identifiability a property of the neuron or the token?
e06	05_cancellation_contraction	S1	established	scripts/e06_energy_accounting.py	results/e06_*.json	Is the state the exact sum of writes, and do writes reinforce?
e07	01_method	S1	established (exact)	scripts/e07_gauge.py	results/e07_*.json	Is WDD invariant under the gated-MLP neuron gauge?
e08	05_cancellation_contraction	S1	established (Pythia rerun after NeoX bias fix)	scripts/e08_cancellation.py	results/e08_*.json	Who cancels a dominant write, and which survival predicts identification?
e09	01_method	S1	established	scripts/e09_residual_alignment.py	results/e09_*.json	Is alignment left in the k=64 OMP residual?
e10	01_method	S1	established	scripts/e10_phase.py	results/e10_*.json	Is identification limited by budget k or dictionary size m?
e11	03_increments_depth_targets	S1	mixed (v1 retracted)	scripts/e11_peeling.py	results/e11_*.json	Do attention writes interfere with reading MLP writes?
e12	01_method	S1	narrowed (by e52)	scripts/e12_shrinkage.py	results/e12_*.json	Can a fitted calibration remove coefficient error?
e13	04_attention	S1	refuted (5 models)	scripts/e13_heads.py	results/e13_*.json	Do static head SVD atoms read attention writes?
e15	01_method	S1	null	scripts/e15_composition.py	results/e15_*.json	Are read directions sparse in earlier blocks' write atoms?
e16	01_method	S1	supported (3 models)	scripts/e16_atoms_over_atoms.py	results/e16_*.json	How sparse is each atom in the other atoms?
e17	01_method	S1	supported (diagnostic)	scripts/e17_diagnostics.py	results/e17_*.json	Where does recall fail: position, frequency, sign or birth block?
e18	01_method	S1	tool (instrument check)	scripts/e18_noise.py	results/e18_*.json	How robust is identification to noise and foreign-state mixing?
e20	10_sinks_huge_directions	S1	established (Pythia partial)	scripts/e20_sinks.py	results/e20_*.json	Which atoms reconstruct the sink states?
e21	03_increments_depth_targets	S1	established (not erasure in GPT-2/SmolLM2)	scripts/e21_lifetime.py	results/e21_*.json	How long does a write stay identifiable as depth grows?
e22	03_increments_depth_targets	S1	established	scripts/e22_birth_matrix.py	results/e22_*.json	Is the depth collapse late-born writes or erased old writes?
e23	02_readability_law	S1	refuted	scripts/e23_context_copy.py	results/e23_*.json	Are selected token-embedding atoms attention copies of context tokens?
e24	02_readability_law	S1	supported (2 models)	scripts/e24_transfer.py	results/e24_*.json	Does a neuron's identifiability transfer from WikiText to the Pile?
e25	03_increments_depth_targets	S1	established (trajectory: e436)	scripts/e25_ledger_sparsity.py	results/e25_*.json	How sparse is the true-write ledger, and is that learned?
e30	02_readability_law	S1	refuted (one dose; killed for time)	scripts/e30_injection.py	results/e30_*.json	Is the never-identified class a magnitude effect?
e40	02_readability_law	S1	refuted	scripts/e40_vocab.py	results/e40_*.json	Do readable and unreadable neurons differ in vocabulary space?
e41	02_readability_law	S1	narrowed (audit null: GPT-2 only)	scripts/e41_alias.py	results/e41_*.json	When the dominant write is missed, is it read under an alias?
e42	02_readability_law	S1	supported	scripts/e42_dict_ablation.py	results/e42_*.json	Which atom types do the explaining-away?
e43	01_method	S1	supported (2 models)	scripts/e43_pca_levels.py	results/e43_*.json	Does the weight dictionary beat PCA at every depth?
e44	03_increments_depth_targets	S1	established (budget caveat: audit)	scripts/e44_delta_pipeline.py	results/e44_*.json	Does the increment pipeline beat global OMP at a matched budget?
e45	01_method	S1	established	scripts/e45_solver2.py	results/e45_*.json	Can one solver identify like LASSO and reconstruct like OMP?
e46	02_readability_law	S1	mixed (groups n=4-7)	scripts/e46_never_by_solver.py	results/e46_*.json	Is the never-identified class solver-limited or state-limited?
e47	03_increments_depth_targets	S1	superseded by e119	scripts/e47_targets.py	results/e47_*.json	Which target should identification be scored against?
e48	01_method	S1	refuted	scripts/e48_errorbars.py	results/e48_*.json	Do least-squares standard errors predict coefficient error?
e49	03_increments_depth_targets	S1	established	scripts/e49_dual_layers.py	results/e49_*.json	Is the depth collapse a solver artifact or a state property?
e51	01_method	S1	established	scripts/e51_recall_curve.py	results/e51_*.json	At which greedy step is the dominant write picked?
e52	01_method	S1	established	scripts/e52_within_neuron.py	results/e52_*.json	Does the recovered coefficient track the true one within a neuron?
e53	04_attention	S1	supported (GPT-2)	scripts/e53_ov_atoms.py	results/e53_*.json	Do per-head OV value atoms read a head's write?
e54	04_attention	S1	mixed (magnitude corrected by audit)	scripts/e54_attention_dc.py	results/e54_*.json	How much of each head's write is a constant (DC) part?
e55	10_sinks_huge_directions	S1	established	scripts/e55_sink_killer.py	results/e55_*.json	Which component removes the sink in the last blocks?
e56	02_readability_law	S1	established (framing: audit)	scripts/e56_prominence_curve.py	results/e56_*.json	Does identification follow a write's prominence?
e57	02_readability_law	S1	superseded by e127 (audit)	scripts/e57_threshold_law.py	results/e57_*.json	Does the 50% recall crossing sit at the dictionary's noise floor?
e58	02_readability_law	S1	narrowed (audit)	scripts/e58_law_test.py	results/e58_*.json	Does the floor predict identification at every level, out of sample?
e59	02_readability_law	S1	refuted (audit: small groups)	scripts/e59_importance.py	results/e59_*.json	Are readable neurons the causally important ones?
e59b	02_readability_law	S1	refuted	scripts/e59b_importance_rank.py	results/e59b_*.json	Does ablation cost rank with a neuron's identification rate?
e60	02_readability_law	S1	established (causal for OMP)	scripts/e60_intervene.py	results/e60_*.json	Is prominence causal for identification at the token level?
e61	01_method	S1	retracted (trivial measure)	scripts/e61_nullspace.py	results/e61_*.json	How much ledger energy lies in the dictionary's null space?
e62	02_readability_law	S1	supported	scripts/e62_threshold_offset.py	results/e62_*.json	Which competitor level sets the identification threshold?
e63	01_method	S1	established	scripts/e63_spark.py	results/e63_*.json	Is the identification ceiling a non-uniqueness of the true support?
e65	01_method	S1	established	scripts/e65_wiener.py	results/e65_*.json	How much of each write is linearly readable from the state?
e74	01_method	S1	established	scripts/e74_residual_ledger.py	results/e74_*.json	What does the k=64 OMP residual contain?
e76	03_increments_depth_targets	S1	refuted	scripts/e76_recovered_survival.py	results/e76_*.json	Does WDD's own survival reading track a write's true fate?
e77	03_increments_depth_targets	S1	mixed	scripts/e77_targeted.py	results/e77_*.json	Is the limit other blocks' atoms or cancellation?
e80	01_method	S1	supported (GPT-2)	scripts/e80_wrong_model.py	results/e80_*.json	Is provenance the trained checkpoint's or the architecture's?
e81	12_circuits_coselection_drift	S1	supported (Pythia only)	scripts/e81_ckpt_drift.py	results/e81_*.json	How stable are MLP write directions late in Pythia training?
e87	05_cancellation_contraction	S1	refuted	scripts/e87_coactive.py	results/e87_*.json	Do a token's dominant writes cancel each other?
e89	10_sinks_huge_directions	S1	mixed (sparse in 2/5)	scripts/e89_mean_atoms.py	results/e89_*.json	What is the centring mean made of?
e93	01_method	S1	supported (4 of 5)	scripts/e93_iht.py	results/e93_*.json	Does hard-thresholding pursuit repeat the identification-reconstruction trade-off?
e95	01_method	S1	supported (2 models)	scripts/e95_calib_transfer.py	results/e95_*.json	Does the coefficient calibration transfer across corpora?
e101	01_method	S1	refuted	scripts/e101_coselection.py	results/e101_*.json	Does support co-selection recover true co-firing structure?
e102	01_method	S1	refuted	scripts/e102_fillers.py	results/e102_*.json	Is there a fixed set of filler atoms to prune?
e104	03_increments_depth_targets	S1	null	scripts/e104_increment_over_past.py	results/e104_*.json	Does a block re-write directions that earlier blocks own?
e105	01_method	S1	established	scripts/e105_splice.py	results/e105_*.json	Which reading preserves the model's function when spliced back?
e106	03_increments_depth_targets	S1	supported (GPT-2 narrated)	scripts/e106_increment_residual.py	results/e106_*.json	What does increment reading leave unexplained?
e114	03_increments_depth_targets	S1	mixed (random-floor form)	scripts/e114_increment_law.py	results/e114_*.json	Does the random-floor law hold inside block increments?
e116	01_method	S1	supported (own-span column retracted)	scripts/e116_late_atoms.py	results/e116_*.json	Where do MLP write directions live relative to other atoms?
e117	03_increments_depth_targets	S1	mixed	scripts/e117_extended_embedding.py	results/e117_*.json	Is the block-0 MLP write an extended token embedding?
e118	02_readability_law	S1	established	scripts/e118_aniso_floor.py	results/e118_*.json	Is the 'structured competition' just the state covariance?
e119	03_increments_depth_targets	S1	established (audit follow-up)	scripts/e119_target_rank.py	results/e119_*.json	How well is a non-circular target read?
e120	10_sinks_huge_directions	S1	refuted (a caveat, not a change)	scripts/e120_typical_centering.py	results/e120_*.json	Does the sink-contaminated centring mean change identification?
e122	01_method	S1	established	scripts/e122_second_pass.py	results/e122_*.json	Does a second OMP pass on the residual find true writes?
e126	10_sinks_huge_directions	S1	supported	scripts/e126_sink_atom_in_typical.py	results/e126_*.json	Does the sink neuron's atom sit in typical supports?
e127	02_readability_law	S2	established	scripts/e127_corrected_law.py	results/e127_*.json	Does a covariance-matched 64th-order threshold remove the law's bias?
e128	03_increments_depth_targets	S2	established	scripts/e128_honest_depth.py	results/e128_*.json	How does reading the largest surviving write change with depth?
e129	02_readability_law	S2	established	scripts/e129_heldout_law.py	results/e129_*.json	Does the corrected law hold held out, with zero parameters?
e130	02_readability_law	S2	established	scripts/e130_neuron_phenotype.py	results/e130_*.json	What does 'identifiability is a neuron property' mean?
e131	03_increments_depth_targets	S2	established	scripts/e131_survival_curve.py	results/e131_*.json	Where is provenance lost: at the write, increment or state?
e132	04_attention	S2	supported (GPT-2 pilot)	scripts/e132_attn_chain.py	results/e132_*.json	Does WDD track attention-mediated changes of downstream MLP writes?
e140	05_cancellation_contraction	S2	mixed	scripts/e140_consumption.py	results/e140_*.json	Are erased writes the ones the next block reads?
e141	05_cancellation_contraction	S2	established (diffuse)	scripts/e141_eraser.py	results/e141_*.json	Is cancellation concentrated in one opposing neuron?
e142	12_circuits_coselection_drift	S2	supported (Pythia; log only)	scripts/e142_phenotype_training.py	results/e142_*.json	Is a neuron's identifiability stable across late Pythia checkpoints?
e143	04_attention	S2	supported (GPT-2)	scripts/e143_increment_ov.py	results/e143_*.json	Do value atoms make attention attributable inside the block increment?
e144	03_increments_depth_targets	S2	established	scripts/e144_guided.py	results/e144_*.json	Does restricting state OMP to increment-nominated atoms help?
e145	04_attention	S2	refuted	scripts/e145_head_subspaces.py	results/e145_*.json	Do MLP write directions live inside single head output subspaces?
e146	03_increments_depth_targets	S2	established	scripts/e146_token_vs_context.py	results/e146_*.json	How much of the dominant write does the token id decide?
e147	03_increments_depth_targets	S2	established (4/5)	scripts/e147_increment_phenotype.py	results/e147_*.json	Are state-level never-neurons readable in their own increments?
e150	04_attention	S2	refuted	scripts/e150_hookfree_attention.py	results/e150_*.json	Can attention patterns be read from hidden states without hooks?
e151	01_method	S2	established	scripts/e151_support_code.py	results/e151_*.json	Does the 64-atom support preserve the state's predictive geometry?
e152	03_increments_depth_targets	S2	established	scripts/e152_functional_split.py	results/e152_*.json	Which part of WDD's reconstruction costs most when removed?
e153	11_toys_synthetic	S2	supported (toy)	scripts/e153_toy_superposition.py	results/e153_*.json	Does the prominence law hold in the superposition toy?
e154	01_method	S2	supported	scripts/e154_reweighted.py	results/e154_*.json	Does reweighted l1 fix LASSO's shrinkage without losing identification?
e155	02_readability_law	S2	mixed	scripts/e155_confidence.py	results/e155_*.json	Are writes more readable when the model is confident?
e156	03_increments_depth_targets	S2	established	scripts/e156_gradient.py	results/e156_*.json	Are the loss-sensitive writes the ones WDD reads?
e157	01_method	S2	mixed	scripts/e157_last_level.py	results/e157_*.json	At the last level, does WDD act as a logit lens?
e158	01_method	S2	mixed	scripts/e158_mdl.py	results/e158_*.json	Is the model's dictionary a shorter code than PCA?
e159	03_increments_depth_targets	S2	established	scripts/e159_guided_front.py	results/e159_*.json	What does increment-guided decoding cost in function?
e160	03_increments_depth_targets	S2	established	scripts/e160_perwrite_ablation.py	results/e160_*.json	Do single-write ablations match first-order attribution?
e161	02_readability_law	S2	supported (GPT-2, SmolLM2)	scripts/e161_uncertainty.py	results/e161_*.json	Why are uncertain tokens more readable?
e162	03_increments_depth_targets	S2	supported (weak in Qwen)	scripts/e162_differential.py	results/e162_*.json	Does differencing two contexts of a token expose contextual writes?
e165	03_increments_depth_targets	S2	narrowed (4/5; OLMo reverses)	scripts/e165_readable_vs_unreadable.py	results/e165_*.json	Do identified writes carry more function than unidentified ones?
e166	03_increments_depth_targets	S2	established	scripts/e166_stream_recon.py	results/e166_*.json	How much function do summed increment reconstructions keep?
e167	03_increments_depth_targets	S2	established	scripts/e167_predict_survival.py	results/e167_*.json	Does the law predict the provenance-survival curve without fitting?
e168	03_increments_depth_targets	S2	refuted	scripts/e168_peel_increments.py	results/e168_*.json	Does peeling off early increments help read later writes?
e169	01_method	S2	supported (2 models)	scripts/e169_code_budget.py	results/e169_*.json	How small a support preserves the predictive geometry?
e170	10_sinks_huge_directions	S2	refuted	scripts/e170_offchannel.py	results/e170_*.json	Is GPT-2's within-block unreadability the massive-channel dynamics?
e171	11_toys_synthetic	S2	refuted	scripts/e171_toy_twolayer.py	results/e171_*.json	Does one extra residual block decouple readability from importance?
e172	02_readability_law	S2	tool	scripts/e172_certificate.py	results/e172_*.json	Can per-neuron observability be tabulated as a certificate?
e173	05_cancellation_contraction	S2	narrowed (direct effect only; e183, e194)	scripts/e173_erasure_matrix.py	results/e173_*.json	Which blocks cancel which blocks' writes (the erasure matrix)?
e174	11_toys_synthetic	S2	refuted	scripts/e174_toy_redundancy.py	results/e174_*.json	Do twin re-writes (the s1f regime) decouple readability from importance?
e175	11_toys_synthetic	S2	supported (toy)	scripts/e175_toy_multiblock.py	results/e175_*.json	Does depth (many residual blocks) reproduce the real phenomenology?
e176	11_toys_synthetic	S2	supported (toy)	scripts/e176_toy_survival.py	results/e176_*.json	Is the toy's lost provenance aliased by twins or swamped?
e177	11_toys_synthetic	S2	supported (toy)	scripts/e177_toy_guided.py	results/e177_*.json	Can increment-guided decoding undo the swamping?
e178	02_readability_law	S2	established	scripts/e178_dual_law.py	results/e178_*.json	Does the law predict the dual decoder's reading?
e180	02_readability_law	S2	refuted	scripts/e180_self_certificate.py	results/e180_*.json	Can a residual-based self-certificate flag real atoms without the ledger?
e181	02_readability_law	S2	established (GPT-2 aliases)	scripts/e181_miss_anatomy.py	results/e181_*.json	Are missed writes aliased by a twin or swamped?
e183	05_cancellation_contraction	S3	refuted (wired eraser)	scripts/e183_eraser_ablation.py	results/e183_*.json	Does ablating the next block's MLP restore cancelled writes?
e185	05_cancellation_contraction	S3	refuted (dedicated erasers)	scripts/e185_canceller_anatomy.py	results/e185_*.json	Is the canceller a few dedicated neurons or a crowd?
e186	05_cancellation_contraction	S3	supported (3 models)	scripts/e186_hydra_eraser.py	results/e186_*.json	When the next block's MLP is ablated, who cancels instead?
e187	05_cancellation_contraction	S3	mixed (GPT-2 within-block)	scripts/e187_static_eraser.py	results/e187_*.json	Is the cancellation topology visible in the weights alone?
e188	05_cancellation_contraction	S3	superseded by e193	scripts/e188_survival_distance.py	results/e188_*.json	How does a write's raw survival change with depth?
e189	02_readability_law	S3	supported (3 models)	scripts/e189_null_atoms.py	results/e189_*.json	Are atoms of an ablated block still selected (known-null control)?
e190	11_toys_synthetic	S3	refuted (H6e killed)	scripts/e190_toy_erasure.py	results/e190_*.json	Does the six-block toy reproduce erasure or the contraction?
e191	05_cancellation_contraction	S3	narrowed (gain-like in 3/5)	scripts/e191_cancel_magnitude.py	results/e191_*.json	Is cancellation proportional to the write's size (gain-like)?
e192	05_cancellation_contraction	S3	refuted	scripts/e192_bias_eraser.py	results/e192_*.json	Is Pythia's constant-offset cancellation the MLP output bias?
e193	05_cancellation_contraction	S3	established	scripts/e193_centered_survival.py	results/e193_*.json	Does the depth profile of survival hold on centred states?
e194	05_cancellation_contraction	S3	established (reframed by e221)	scripts/e194_linear_response.py	results/e194_*.json	Is the next-block cancellation a local linear gain?
e195	02_readability_law	S3	established	scripts/e195_stability_selection.py	results/e195_*.json	Does stability selection under input noise certify real atoms?
e196	02_readability_law	S3	supported (strength varies)	scripts/e196_selection_prior.py	results/e196_*.json	Does selection on covariance-matched noise predict selection on real states?
e197	05_cancellation_contraction	S3	mixed	scripts/e197_echo.py	results/e197_*.json	Is the damping readable as a negative echo atom?
e198	03_increments_depth_targets	S3	established	scripts/e198_reading_depth.py	results/e198_*.json	At which level is a write best read?
e199	05_cancellation_contraction	S3	refuted	scripts/e199_canceller_readability.py	results/e199_*.json	Are the canceller blocks the unreadable blocks?
e200	02_readability_law	S3	established (z-score; atom filter refuted)	scripts/e200_null_certificate.py	results/e200_*.json	Can a per-atom null model certify the dual reading?
e202	02_readability_law	S3	established	scripts/e202_prior_atoms.py	results/e202_*.json	What are the atoms the dictionary selects on pure noise?
e203	03_increments_depth_targets	S3	established	scripts/e203_stability_depth.py	results/e203_*.json	Does a stable atom stay readable at later levels?
e204	02_readability_law	S3	superseded by e205	scripts/e204_zlaw_extreme.py	results/e204_*.json	Is the reading threshold the k-th extreme of the null z-scores?
e205	02_readability_law	S3	refuted (parameter-free threshold)	scripts/e205_zlaw_collapse.py	results/e205_*.json	Do recall curves in z minus z_k collapse across k?
e206	02_readability_law	S3	refuted	scripts/e206_never_neurons_z.py	results/e206_*.json	Are never-read neurons a static geometric class?
e207	05_cancellation_contraction	S3	established (LN/weights split retracted; e210)	scripts/e207_contraction_origin.py	results/e207_*.json	Where does the generic contraction come from, and when does it appear?
e208	05_cancellation_contraction	S3	established	scripts/e208_maintenance_causal.py	results/e208_*.json	Is a write's later presence along its direction caused by the write?
e209	05_cancellation_contraction	S3	mixed (clean in GELU; see e210)	scripts/e209_inout_alignment.py	results/e209_*.json	Are each neuron's read and write vectors anti-aligned?
e210	05_cancellation_contraction	S3	established	scripts/e210_jacobian_trace.py	results/e210_*.json	Can the contraction be derived from weights and pre-activations?
e211	03_increments_depth_targets	S3	refuted (kills H4a)	scripts/e211_reading_vs_dependence.py	results/e211_*.json	Does reading an atom mean its write caused the direction?
e212	05_cancellation_contraction	S3	supported (4/5)	scripts/e212_late_halflife.py	results/e212_*.json	Do late-born writes keep their causal footprint longer?
e213	05_cancellation_contraction	S3	established (cause: e216)	scripts/e213_gain_vs_norm.py	results/e213_*.json	Is the per-token contraction inversely proportional to the state norm?
e214	05_cancellation_contraction	S4	narrowed (band 0.2, not 0.05)	scripts/e214_direction_lottery.py	results/e214_*.json	Is the contraction the same along every direction?
e215	05_cancellation_contraction	S4	narrowed (three blocks)	scripts/e215_composition.py	results/e215_*.json	Is multi-block survival the product of single-block gains?
e216	05_cancellation_contraction	S4	established (gated: correlation only)	scripts/e216_frozen_norm.py	results/e216_*.json	Is the 1/norm dependence the normalisation's per-token scale?
e217	05_cancellation_contraction	S4	narrowed (born at steps 512-2000)	scripts/e217_contraction_birth.py	results/e217_*.json	When in training is the contraction born?
e218	03_increments_depth_targets	S4	refuted (MLP blocks; heads observable)	scripts/e218_hierarchical_provenance.py	results/e218_*.json	Are block or head labels observable where neuron labels fail?
e219	05_cancellation_contraction	S4	narrowed (GPT-2 only)	scripts/e219_zero_sum.py	results/e219_*.json	How much MLP write energy never reaches the state?
e220	05_cancellation_contraction	S4	refuted (monotone law)	scripts/e220_spectral_profile.py	results/e220_*.json	Does the contraction's strength follow the state's spectrum?
e221	06_descendants_fate_transport	S4	established	scripts/e221_perturbation_fate.py	results/e221_*.json	Does a random perturbation lose energy or only its direction?
e222	06_descendants_fate_transport	S4	established	scripts/e222_write_energy_fate.py	results/e222_*.json	Does a zeroed real write fade by loss or by decorrelation?
e223	06_descendants_fate_transport	S5	established	scripts/e223_footprint_ledger.py	results/e223_*.json	Where exactly does a zeroed write's energy go?
e224	06_descendants_fate_transport	S5	established	scripts/e224_collision.py	results/e224_*.json	Do distinct writes stay separate downstream or merge into shared directions?
e225	06_descendants_fate_transport	S5	established (4 models)	scripts/e225_footprint_dimension.py	results/e225_*.json	Is the footprint cloud high-dimensional or funnelled into a subspace?
e226	06_descendants_fate_transport	S6	narrowed	scripts/e226_additivity.py	results/e226_*.json	Do two writes' descendants add and scale linearly?
e227	06_descendants_fate_transport	S6	established	scripts/e227_descendant_identity.py	results/e227_*.json	Does a neuron keep a recognisable descendant after its direction fades?
e228	06_descendants_fate_transport	S6	established	scripts/e228_path_decomposition.py	results/e228_*.json	Are descendants carried by MLPs, attention, or both interacting?
e229	06_descendants_fate_transport	S6	supported (Pythia)	scripts/e229_dispersal_training.py	results/e229_*.json	Is dispersal architectural or learned?
e230	06_descendants_fate_transport	S6	mixed	scripts/e230_descendant_dictionary.py	results/e230_*.json	Can the descendant signature be read from the state itself?
e231	06_descendants_fate_transport	S7	established	scripts/e231_signature_source.py	results/e231_*.json	Is the signature the write vector's image or its context's?
e232	06_descendants_fate_transport	S7	supported (end narrowed: e252)	scripts/e232_provenance_curve.py	results/e232_*.json	When does the descendant chart overtake the native read?
e233	06_descendants_fate_transport	S7	established	scripts/e233_weight_robustness.py	results/e233_*.json	Is the signature robust to perturbing every weight?
e234	06_descendants_fate_transport	S7	supported (SmolLM2 weak)	scripts/e234_cross_corpus.py	results/e234_*.json	Does the signature transfer across corpora without refitting?
e235	06_descendants_fate_transport	S7	established	scripts/e235_path_identity.py	results/e235_*.json	Which transport path carries the neuron's identity?
e236	06_descendants_fate_transport	S8	refuted	scripts/e236_transported_wdd.py	results/e236_*.json	Does a transported native dictionary restore sparse reading at depth?
e237	06_descendants_fate_transport	S8	established	scripts/e237_capacity.py	results/e237_*.json	Does provenance capacity keep growing with the number of candidates?
e238	06_descendants_fate_transport	S8	narrowed (e282, e285)	scripts/e238_separation_geometry.py	results/e238_*.json	Does transport preserve the angle between nearby writes?
e239	06_descendants_fate_transport	S8	supported (Pythia)	scripts/e239_cross_checkpoint.py	results/e239_*.json	Does the signature belong to the vector or the downstream network?
e240	06_descendants_fate_transport	S8	supported	scripts/e240_transported_coherence.py	results/e240_*.json	Why does the transported dictionary decode worse than the native one?
e241	06_descendants_fate_transport	S9	established (mid: 3/5)	scripts/e241_superposition.py	results/e241_*.json	Do several simultaneous writes stay individually decodable?
e242	06_descendants_fate_transport	S9	established	scripts/e242_zero_shot.py	results/e242_*.json	Can an unseen neuron's descendant be predicted from its write vector?
e243	06_descendants_fate_transport	S9	supported (Pythia)	scripts/e243_phase_diagram.py	results/e243_*.json	In what order does training build readability, dispersal and scrambling?
e244	06_descendants_fate_transport	S9	refuted	scripts/e244_linearization_variability.py	results/e244_*.json	Does gating make the MLP linearisation more context-dependent?
e245	06_descendants_fate_transport	S10	established	scripts/e245_frontier.py	results/e245_*.json	Is transport compositional where sparse decomposition is not?
e246	06_descendants_fate_transport	S10	supported (4 models: logs)	scripts/e246_datafree_chart.py	results/e246_*.json	Can the descendant chart be built without any data?
e247	06_descendants_fate_transport	S10	established	scripts/e247_injected_prominence.py	results/e247_*.json	Is the native chart's failure on injected writes a prominence effect?
e248	06_descendants_fate_transport	S11	narrowed (e275b)	scripts/e248_transport_operator.py	results/e248_*.json	Can one fitted linear operator transport, compose and invert descendants?
e249	06_descendants_fate_transport	S11	established	scripts/e249_dimension_location.py	results/e249_*.json	How many dimensions carry provenance, and where is the native coordinate lost?
e250	06_descendants_fate_transport	S11	supported (mechanism: e257, e290)	scripts/e250_massive_boundary.py	results/e250_*.json	Where do massive-activation neurons depart from vector transport?
e251	07_descendants_function	S12	narrowed (provenance only)	scripts/e251_sparse_vs_dense.py	results/e251_*.json	Is the descendant recoded from sparse to dense coordinates?
e252	07_descendants_function	S12	refuted	scripts/e252_phase_profile.py	results/e252_*.json	Do birth, transport and scrambling regimes change at one block?
e253	07_descendants_function	S12	refuted	scripts/e253_massive_state_variable.py	results/e253_*.json	Does a within-token variable explain the massive neuron's anomaly?
e254	07_descendants_function	S12	established	scripts/e254_functional_bridge.py	results/e254_*.json	Does descendant geometry predict logit-footprint geometry?
e255	07_descendants_function	S13	established	scripts/e255_functional_neighbours.py	results/e255_*.json	Are descendant-space neighbours also functional neighbours?
e256	07_descendants_function	S13	established	scripts/e256_functional_additivity.py	results/e256_*.json	Does the logit footprint compose like the state descendant?
e257	07_descendants_function	S13	refuted	scripts/e257_receiver_provenance.py	results/e257_*.json	Does the massive neuron's effect migrate to other positions?
e258	07_descendants_function	S13	refuted (Pythia only)	scripts/e258_coupling_training.py	results/e258_*.json	When does descendant-function coupling appear during training (Pythia)?
e259	07_descendants_function	S14	established	scripts/e259_matched_pairs.py	results/e259_*.json	Does descendant similarity predict function with write similarity controlled?
e260	07_descendants_function	S14	established	scripts/e260_depthwise_geometry.py	results/e260_*.json	Where in depth does functional geometry move into descendant space?
e261	07_descendants_function	S14	refuted	scripts/e261_compensation_neighbourhood.py	results/e261_*.json	Are the neurons compensating a removed write its descendant neighbours?
e262	07_descendants_function	S14	refuted	scripts/e262_interchangeability.py	results/e262_*.json	Are neurons with similar descendants interchangeable under substitution?
e263	07_descendants_function	S14	narrowed (e286)	scripts/e263_functional_dimension.py	results/e263_*.json	How many descendant dimensions does function need versus identity?
e264	07_descendants_function	S15	refuted (population averages)	scripts/e264_interaction_classes.py	results/e264_*.json	Do descendant-similar neurons interact at co-active tokens?
e265	07_descendants_function	S15	established	scripts/e265_neighbourhood_tracking.py	results/e265_*.json	Are functional neighbours descendant neighbours; when does the coordinate change?
e266	07_descendants_function	S15	mixed	scripts/e266_transition_split.py	results/e266_*.json	Does attention or the MLP build the descendant-logit correspondence?
e267	07_descendants_function	S15	established	scripts/e267_lineage.py	results/e267_*.json	Do a write's successors form stable lineages or a hub graph?
e268	07_descendants_function	S16	established (ladder narrowed, e286)	scripts/e268_sufficiency.py	results/e268_*.json	Is the descendant a sufficient statistic for the write's function?
e269	07_descendants_function	S16	established	scripts/e269_direct_descendant.py	results/e269_*.json	Does the injected descendant causally carry the write's effect?
e270	07_descendants_function	S16	supported	scripts/e270_neighbourhood_stability.py	results/e270_*.json	Is descendant neighbourhood geometry stable across tokens, corpora, training?
e271	07_descendants_function	S17	established	scripts/e271_descendant_interpolation.py	results/e271_*.json	Do intervention effects vary continuously with descendant position?
e272	07_descendants_function	S17	narrowed (e286)	scripts/e272_capacity_ladder.py	results/e272_*.json	How many dimensions do reconstruction, identity, function, behaviour need?
e273	07_descendants_function	S18	refuted	scripts/e273_functional_null.py	results/e273_*.json	Does descendant space have functionally null directions?
e273b	07_descendants_function	S18	supported	scripts/e273b_bottom_pc_channels.py	results/e273b_*.json	What makes GPT-2's bottom descendant PCs functionally sensitive?
e274	07_descendants_function	S18	narrowed	scripts/e274_subspace_nesting.py	results/e274_*.json	Are identity, function and behaviour subspaces nested?
e275	07_descendants_function	S18	superseded by e275b	scripts/e275_transport_residual.py	results/e275_*.json	Is the massive neuron the tail of the linear transport law?
e275b	07_descendants_function	S18	refuted (tail of the law)	scripts/e275b_transport_residual_signed.py	results/e275b_*.json	Does the signed transport law predict natural descendants?
e276	07_descendants_function	S19	refuted (magnitude)	scripts/e276_leverage.py	results/e276_*.json	Is the downstream network tuned to its own writes' descendants?
e277	07_descendants_function	S19	established	scripts/e277_budget.py	results/e277_*.json	Why does provenance survive while transported-atom decomposition fails?
e278	07_descendants_function	S19	refuted (amplitude)	scripts/e278_amplitude.py	results/e278_*.json	Is the massive neuron's anomaly an amplitude effect?
e279	07_descendants_function	S19	narrowed	scripts/e279_core_depth.py	results/e279_*.json	Is there a coordinate transition at depth, or continuous drift?
e280	07_descendants_function	S20	established	scripts/e280_trajectory.py	results/e280_*.json	Does an interpolated descendant snap back to a natural regime?
e281	07_descendants_function	S20	established	scripts/e281_functional_composition.py	results/e281_*.json	Does the fitted transport law compose functionally?
e282	07_descendants_function	S20	refuted	scripts/e282_metric.py	results/e282_*.json	Under which metric is transport closest to an isometry?
e283	07_descendants_function	S20	established	scripts/e283_state_variable.py	results/e283_*.json	Is the descendant a state variable for its own future?
e284	07_descendants_function	S20	supported (refined by e284b)	scripts/e284_reaction_carrier.py	results/e284_*.json	Which downstream block carries the massive neuron's reaction?
e284b	07_descendants_function	S20	supported (SmolLM2)	scripts/e284b_carrier_components.py	results/e284b_*.json	Which single component carries the massive neuron's reaction?
e285	07_descendants_function	S21	established (part 3 superseded by e285b)	scripts/e285_theory_predictions.py	results/e285_*.json	Do the transport theory's gain and pair-cosine predictions hold?
e285b	07_descendants_function	S21	null (open)	scripts/e285b_additivity_norm.py	results/e285b_*.json	Does additivity error depend on total norm rather than write count?
e286	08_causal_coordinate	S22	narrowed (two rungs)	scripts/e286_compression_ladder.py	results/e286_*.json	How many directions does each observable of the descendant need?
e287	08_causal_coordinate	S23	superseded by e288	scripts/e287_shared_vs_specific_readout.py	results/e287_*.json	Is the causal read-out the shared (centroid-span) part of the descendant?
e288	08_causal_coordinate	S24	narrowed (H86, H87, H90)	scripts/e288_kill_tree.py	results/e288_*.json	Is there one causal subspace, specific to the shared term, self-transported?
e289	08_causal_coordinate	S24	supported (selective)	scripts/e289_coordinate_steering.py	results/e289_*.json	Does one injected coordinate move only its paired logit direction?
e290	08_causal_coordinate	S24	refuted (a set point instead)	scripts/e290_massive_counterfactual.py	results/e290_*.json	Does extra massive write at its own tokens reproduce the natural footprint?
e291	08_causal_coordinate	S24	supported (Pythia only)	scripts/e291_training_causal_dims.py	results/e291_*.json	When in training does the low-dimensional causal coordinate appear?
e292	08_causal_coordinate	S25	narrowed (incomplete)	scripts/e292_break_steering.py	results/e292_*.json	Does the coordinate dictate the whole logit change of an injection?
e293	08_causal_coordinate	S25	established (two blocks)	scripts/e293_core_dynamics.py	results/e293_*.json	Does the causal core transport as a coherent object over blocks?
e294	08_causal_coordinate	S25	supported (nested; three scales)	scripts/e294_common_dimension.py	results/e294_*.json	Do the observables share one nested predictive subspace, and how large?
e295	08_causal_coordinate	S25	refuted (see e346)	scripts/e295_remainder_intervention.py	results/e295_*.json	Do the leftover descendant dimensions act as a second state variable?
e296	08_causal_coordinate	S26	supported	scripts/e296_causal_geometry.py	results/e296_*.json	Is the cloud low-rank under a causal metric; do coordinates persist?
e297	08_causal_coordinate	S26	established	scripts/e297_layerwise_dims.py	results/e297_*.json	How do physical and causal dimensions change with depth?
e298	08_causal_coordinate	S26	narrowed (weak)	scripts/e298_attention_routing.py	results/e298_*.json	Does the causal core predict attention routing?
e299	08_causal_coordinate	S26	narrowed (massive channel)	scripts/e299_propagation.py	results/e299_*.json	Does the perturbation propagate as a low-rank wave; how local?
e300	08_causal_coordinate	S26	supported	scripts/e300_cross_neuron_geometry.py	results/e300_*.json	Across hundreds of neurons, is the core set by write geometry?
e301	08_causal_coordinate	S26	supported	scripts/e301_second_order.py	results/e301_*.json	Is the response to scaling a write odd (linear) or even?
e302	08_causal_coordinate	S26	supported (circuit kill reopened)	scripts/e302_dose_interaction.py	results/e302_*.json	Are causal coordinates linear, and do they interact like circuits?
e303	08_causal_coordinate	S26	mixed	scripts/e303_predict_core.py	results/e303_*.json	Can a neuron's core coordinate be predicted from its write alone?
e304	08_causal_coordinate	S26	refuted (ladder is generic)	scripts/e304_families.py	results/e304_*.json	Is the two-rung dimensionality ladder special to WDD writes?
e305	08_causal_coordinate	S27	refuted (H107, H108)	scripts/e305_operator_identification.py	results/e305_*.json	Is the causal core a spectral subspace of transport or read-out?
e306	08_causal_coordinate	S27	supported (near the output)	scripts/e306_family_cores.py	results/e306_*.json	Do unrelated perturbation families share one coordinate system?
e307	08_causal_coordinate	S27	narrowed (e320, e321)	scripts/e307_channels.py	results/e307_*.json	Do individual causal channels keep their identity across all depths?
e308	08_causal_coordinate	S27	refuted (no shared space)	scripts/e308_forward_backward.py	results/e308_*.json	Do the forward causal core and backward sensitivity subspace coincide?
e309	08_causal_coordinate	S28	refuted (H113; curvature in 3/5)	scripts/e309_cloud_origin.py	results/e309_*.json	Is the core the residual's high-variance subspace; is the cloud curved?
e310	08_causal_coordinate	S28	refuted (funnel is generic)	scripts/e310_manifold_sweep.py	results/e310_*.json	Does the funnel require perturbations near the natural manifold?
e311	08_causal_coordinate	S28	supported (many-to-one)	scripts/e311_quotient.py	results/e311_*.json	Does physical geometry come to match functional geometry with depth?
e312	08_causal_coordinate	S28	supported (near the output)	scripts/e312_transfer.py	results/e312_*.json	Does the converged coordinate system transfer across families?
e313	08_causal_coordinate	S29	supported	scripts/e313_ledger_to_function.py	results/e313_*.json	Does the WDD ledger predict a joint ablation's coordinate (z = Zc)?
e314	08_causal_coordinate	S29	narrowed (not behavioural scalars)	scripts/e314_heldout_observables.py	results/e314_*.json	Does the coordinate predict observables it was not built from?
e315	08_causal_coordinate	S29	supported (state; logits partial)	scripts/e315_multi_observable_intervention.py	results/e315_*.json	Is the coordinate's intervention response predicted without refitting?
e316	08_causal_coordinate	S30	refuted (H122-H124)	scripts/e316_atlas.py	results/e316_*.json	Does a neuron atlas give functional units, substitutes or attribution?
e316b	08_causal_coordinate	S30	refuted (H122-H124)	scripts/e316b_atlas_exact.py	results/e316b_*.json	Do exact per-neuron coordinates rescue the atlas's application?
e317	09_quotient_program	S31	established (e361 re-checks)	scripts/e317_observable_quotients.py	results/e317_*.json	Is the quotient observable-relative or one object?
e318	09_quotient_program	S31	supported	scripts/e318_horizon_quotients.py	results/e318_*.json	Does the future-state quotient converge to the logit quotient with horizon?
e319	09_quotient_program	S31	established	scripts/e319_observable_resolution.py	results/e319_*.json	Does the observable's resolution set the quotient's dimension?
e320	09_quotient_program	S31	mixed (H128 narrowed)	scripts/e320_long_horizon_channels.py	results/e320_*.json	Do channels keep their identity to the last block (fixed basis)?
e321	09_quotient_program	S31	refuted (subspace persists)	scripts/e321_recomputed_channel_identity.py	results/e321_*.json	Do single coordinates persist when the basis is refitted per level?
e322	09_quotient_program	S31	supported	scripts/e322_birth_quotient.py	results/e322_*.json	Is the birth-level quotient the same object as the mid-level one?
e323	09_quotient_program	S31	supported	scripts/e323_nonlinear_decoders.py	results/e323_*.json	Is the read-out from the coordinate nonlinear?
e324	09_quotient_program	S31	refuted	scripts/e324_local_quotients.py	results/e324_*.json	Do region-specific local quotients beat the global one?
e325	09_quotient_program	S31	supported (coordinate only)	scripts/e325_equivalence_curvature.py	results/e325_*.json	Do midpoints of equivalent, distant atoms keep the average coordinate?
e326	09_quotient_program	S31	supported (coordinate only)	scripts/e326_equivalence_algebra.py	results/e326_*.json	Are sums of equivalent pairs equivalent (a+b ~ a'+b')?
e327	09_quotient_program	S31	supported (coordinate only)	scripts/e327_scalar_sign_algebra.py	results/e327_*.json	Is the coordinate homogeneous under scaling and sign flips?
e328	09_quotient_program	S31	narrowed	scripts/e328_equivalence_transport.py	results/e328_*.json	Is equivalence preserved by transport to later levels?
e329	09_quotient_program	S31	refuted (it collapses)	scripts/e329_amplitude_dimension.py	results/e329_*.json	Does the causal dimension expand beyond the linear range?
e330	09_quotient_program	S31	refuted (with e329)	scripts/e330_amplitude_equivalence.py	results/e330_*.json	Does atom equivalence survive 4x and 8x amplitude?
e331	09_quotient_program	S31	refuted	scripts/e331_massive_direction_quotient.py	results/e331_*.json	Do massive-channel perturbations share the ordinary quotient?
e332	09_quotient_program	S31	refuted	scripts/e332_functional_dictionary.py	results/e332_*.json	Are WDD atoms a privileged basis of the quotient?
e333	09_quotient_program	S31	refuted	scripts/e333_mlp_write_quotient.py	results/e333_*.json	Do the top ledger atoms carry a block's functional coordinate?
e334	09_quotient_program	S31	refuted	scripts/e334_atom_class_semantics.py	results/e334_*.json	Do functional classes of atoms carry vocabulary meaning?
e335	09_quotient_program	S31	established (with e317)	scripts/e335_universal_quotient.py	results/e335_*.json	Does a basis fitted to no observable match the own quotients?
e336	09_quotient_program	S31	refuted	scripts/e336_null_space_cosets.py	results/e336_*.json	Is equivalence a coset of a null space?
e337	09_quotient_program	S31	established	scripts/e337_homomorphism.py	results/e337_*.json	Is F(a+b) = F(a) + F(b) across families at natural amplitude?
e338	09_quotient_program	S31	refuted	scripts/e338_fibre_geometry.py	results/e338_*.json	Do the quotient's fibres have geometric structure?
e339	09_quotient_program	S31	supported (4/5)	scripts/e339_state_alone.py	results/e339_*.json	Is the coordinate implicit in the state and the source?
e340	09_quotient_program	S31	refuted (e361 re-checks)	scripts/e340_leakage_audits.py	results/e340_*.json	Does supervision add target-specific information (leakage audit)?
e341	09_quotient_program	S31	supported (4/5)	scripts/e341_component_internals.py	results/e341_*.json	What reads the coordinate downstream?
e342	09_quotient_program	S31	established (scores modest)	scripts/e342_adversarial_destruction.py	results/e342_*.json	Can any perturbation family break the quotient?
e343	09_quotient_program	S31	supported (token class narrower)	scripts/e343_token_topology.py	results/e343_*.json	Does the quotient depend on position, text or token class?
e344	09_quotient_program	S31	supported	scripts/e344_normalization.py	results/e344_*.json	Do norm changes or the injection point alter the quotient?
e345	09_quotient_program	S31	supported	scripts/e345_fine_amplitude.py	results/e345_*.json	How far is the response linear along core directions?
e346	09_quotient_program	S31	refuted (e361 re-checks)	scripts/e346_information_discarded.py	results/e346_*.json	Are the discarded (non-core) dimensions causally empty?
e347	09_quotient_program	S31	refuted (e361 re-checks)	scripts/e347_compression_baselines.py	results/e347_*.json	Does supervision beat plain compression at matched dimension?
e348	09_quotient_program	S31	refuted	scripts/e348_cancellation.py	results/e348_*.json	Does cancelling the core component undo the logit effect?
e349	09_quotient_program	S31	supported (refined by e365)	scripts/e349_checkpoint_quotient.py	results/e349_*.json	When is the quotient born in Pythia training?
e351	09_quotient_program	S31	narrowed (attention part killed)	scripts/e351_component_transport.py	results/e351_*.json	Which sublayers transport a token's own image?
e352	09_quotient_program	S31	supported	scripts/e352_light_cone.py	results/e352_*.json	How far across tokens does a perturbation spread, and by what route?
e353	09_quotient_program	S31	narrowed	scripts/e353_coordinate_algebra.py	results/e353_*.json	Do coordinates form an algebra beyond pairs?
e355	09_quotient_program	S31	narrowed (tail not in coordinates)	scripts/e355_kernel_rank.py	results/e355_*.json	Is the low dimension a kernel phenomenon?
e356	09_quotient_program	S31	refuted	scripts/e356_one_to_many.py	results/e356_*.json	Does one direction have one coordinate across contexts?
e357	12_circuits_coselection_drift	S32	established (redundancy reading corrected, e384)	scripts/e357_induction_control.py	results/e357_*.json	Do the unit statistics detect a known circuit (induction)?
e358	12_circuits_coselection_drift	S32	established (linear readout)	scripts/e358_ioi_control.py	results/e358_*.json	Do the same statistics detect the IOI circuit?
e359	12_circuits_coselection_drift	S32	refuted (layer structure)	scripts/e359_coselection.py	results/e359_*.json	Are batch co-selection communities (the post's proposal) circuits?
e360	12_circuits_coselection_drift	S32	refuted (OLMo agrees, e362d)	scripts/e360_drift.py	results/e360_*.json	Is a Pythia neuron's function more stable than its write?
e360b	12_circuits_coselection_drift	S32	superseded by e360d (signature parts)	scripts/e360b_drift_analysis.py	results/e360b_*.json	How do writes, attribution and signatures drift against the final (Pythia)?
e360c	12_circuits_coselection_drift	S32	refuted (speciation; late turnover holds)	scripts/e360c_turnover_speciation.py	results/e360c_*.json	Does neuron importance turn over late; do features speciate?
e360d	12_circuits_coselection_drift	S32	refuted (Pythia; OLMo agrees, e362d)	scripts/e360d_ceiling.py	results/e360d_*.json	Are early-layer neurons' logit effects context-free?
e360e	12_circuits_coselection_drift	S32	tool (precision control)	scripts/e360e_precision.py	results/e360e_*.json	Is the low block-2 signature agreement precision noise?
e361	12_circuits_coselection_drift	S32	established	scripts/e361_quotient_depths.py	results/e361_*.json	Do the quotient's core results hold beyond block-2 writers?
e362	12_circuits_coselection_drift	S32	supported (OLMo)	scripts/e362_drift_general.py	results/e362_*.json	Does per-neuron drift look the same in OLMo-1B?
e362b	12_circuits_coselection_drift	S32	superseded by e362d (signature parts)	scripts/e362b_drift_analysis.py	results/e362b_*.json	How do OLMo's writes, attribution and signatures drift against the final?
e362d	12_circuits_coselection_drift	S32	supported (OLMo; matches e360d)	scripts/e362d_ceiling.py	results/e362d_*.json	Do OLMo's ceiling-corrected signatures trail its writes?
e363	12_circuits_coselection_drift	S32	narrowed (strong in 2 of 5)	scripts/e363_coselection_control.py	results/e363_*.json	Does co-selection see an attention-defined induction circuit?
e364	12_circuits_coselection_drift	S32	tool (feeds e364b)	scripts/e364_coselection_ckpt.py	results/e364_*.json	What does co-selection look like at each Pythia checkpoint?
e364b	12_circuits_coselection_drift	S32	refuted	scripts/e364b_persistence.py	results/e364b_*.json	Does co-selection structure persist across Pythia training?
e365	12_circuits_coselection_drift	S32	narrowed (redundancy growth killed, e380)	scripts/e365_induction_development.py	results/e365_*.json	When does induction's unit structure appear, relative to the quotient?
e365b	12_circuits_coselection_drift	S32	refuted	scripts/e365b_image_drift.py	results/e365b_*.json	Does the functional coordinate persist through training in function space?
e366	12_circuits_coselection_drift	S32	narrowed	scripts/e366_conditional_natural.py	results/e366_*.json	Does scoring only where induction applies restore the natural-text circuit?
e368	12_circuits_coselection_drift	S32	mixed (3 of 5)	scripts/e368_token_coselection.py	results/e368_*.json	Does token-level co-selection find the induction heads?
e369	12_circuits_coselection_drift	S32	mixed (fails in final Pythia)	scripts/e369_token_ablation_coeffects.py	results/e369_*.json	Do per-token ablation co-effects find the induction heads?
e370	12_circuits_coselection_drift	S32	refuted (saturation)	scripts/e370_saturation.py	results/e370_*.json	Does softmax saturation explain the gradient's miss in GPT-2?
e370b	12_circuits_coselection_drift	S32	refuted (GPT-2, SmolLM2; toys agree, e379)	scripts/e370b_selection_vs_use.py	results/e370b_*.json	Does first-order selection measure a unit's use?
e371	12_circuits_coselection_drift	S32	refuted (on the loss; see e374)	scripts/e371_scale_hessian.py	results/e371_*.json	Do gradient, curvature and co-selection reproduce ablation interactions?
e372	12_circuits_coselection_drift	S32	established (on the loss; knee mostly readout, e374)	scripts/e372_scale_path.py	results/e372_*.json	What shape does the loss take along a head's scale?
e373	12_circuits_coselection_drift	S32	narrowed (only just after the transition)	scripts/e373_quotient_needs_induction.py	results/e373_*.json	Does the quotient's growth at the transition need induction heads?
e374	13_readers_readouts	S33	refuted (knee mostly readout)	scripts/e374_scale_mechanics.py	results/e374_*.json	Is the head-removal knee a degenerate direction of the loss?
e375	13_readers_readouts	S33	supported (novelty narrowed by literature check)	scripts/e375_reader_wdd.py	results/e375_*.json	Does reader-weighted WDD recover known circuit edges without intervention?
e376	13_readers_readouts	S33	refuted (on the loss; see e377)	scripts/e376_twins_vs_series.py	results/e376_*.json	Do near-twin writes make backups and composition make series?
e377	13_readers_readouts	S33	established (5 models)	scripts/e377_metric_convexity.py	results/e377_*.json	Does an interaction's sign depend on the readout?
e378	13_readers_readouts	S33	refuted	scripts/e378_stitch_time.py	results/e378_*.json	Are lower parts swappable late in Pythia training?
e379	11_toys_synthetic	S33	supported (toys only; scope note)	scripts/e379_toy_induction.py	results/e379_*.json	Do toy induction transformers reproduce phase 2's redundancy, selection and co-selection claims?
e380	13_readers_readouts	S33	refuted (zero-ablation; e384 narrows)	scripts/e380_redundancy_readout.py	results/e380_*.json	Is phase 2's growing induction redundancy real on the logit?
e381	13_readers_readouts	S33	narrowed (above chance in 4 of 5)	scripts/e381_wdd_edges_all.py	results/e381_*.json	Is reader-weighted WDD a reliable general edge finder?
e382	13_readers_readouts	S33	established (5 models)	scripts/e382_jensen_split.py	results/e382_*.json	How much of a loss interaction is readout convexity (Jensen)?
e383	13_readers_readouts	S34	refuted (e264's additivity stands)	scripts/e383_e264_logit.py	results/e383_*.json	Does e264's KL interaction measure whether a circuit adds?
e384	13_readers_readouts	S34	narrowed (redundant only in Pythia)	scripts/e384_logit_reread.py	results/e384_*.json	Do e357's redundancy and e366's contrast survive a linear readout?
e385	13_readers_readouts	S34	narrowed (by e387)	scripts/e385_readers_read_prominent.py	results/e385_*.json	Do readers draw preferentially on writes WDD can identify?
e386	11_toys_synthetic	S34	supported (toys only; contested by prior work)	scripts/e386_toy_selfrepair.py	results/e386_*.json	Does self-repair in toys require training noise?
e387	13_readers_readouts	S35	narrowed	scripts/e387_reading_anatomy.py	results/e387_*.json	Is readers' preference for identifiable writes learned; how sparse is reading?
e388	13_readers_readouts	S35	established (small k; PCA at equal atoms)	scripts/e388_wdd_as_sae.py	results/e388_*.json	Does WDD's k-sparse reconstruction preserve the computation (the SAE test)?
e389	13_readers_readouts	S35	refuted (MLP rows carry it)	scripts/e389_which_atoms_matter.py	results/e389_*.json	Does WDD's small-k advantage come from the embeddings?
e390	13_readers_readouts	S35	supported (Pythia only; see e437)	scripts/e390_provenance_or_geometry.py	results/e390_*.json	Is the advantage provenance or generic trained geometry?
e391	14_native_vocabulary	S36	refuted	scripts/e391_sparse_true_writes.py	results/e391_*.json	Is WDD's code the few largest actual writes?
e392	14_native_vocabulary	S36	refuted	scripts/e392_wdd_replacement_model.py	results/e392_*.json	Can own-word codes replace every block at once?
e392b	10_sinks_huge_directions	S44	refuted	scripts/e392b_replacement_sinks_exact.py	results/e392b_*.json	Does the replacement model compound through the sink positions?
e393	14_native_vocabulary	S36	narrowed (support matters)	scripts/e393_support_or_coefficients.py	results/e393_*.json	Is WDD's edge over the largest writes only the refit?
e394	14_native_vocabulary	S36	refuted	scripts/e394_atom_attribution.py	results/e394_*.json	Are WDD atoms sparse causal nodes?
e395	14_native_vocabulary	S37	established	scripts/e395_self_description.py	results/e395_*.json	Is self-description learned, and how long is it?
e396	14_native_vocabulary	S37	supported (Pythia)	scripts/e396_mutual_intelligibility.py	results/e396_*.json	Can one stage's words describe another's states?
e397	14_native_vocabulary	S37	superseded by e437	scripts/e397_false_friends.py	results/e397_*.json	False friends, or an impoverished geometry?
e398	14_native_vocabulary	S37	refuted	scripts/e398_private_language_seeds.py	results/e398_*.json	Do seeds share a language up to shared tokens?
e398b	14_native_vocabulary	S37	supported	scripts/e398b_linear_map_control.py	results/e398b_*.json	Is the linear map's gain only projection?
e399	14_native_vocabulary	S38	established (e443 refines)	scripts/e399_what_makes_own_words.py	results/e399_*.json	Is the advantage second moment, span, or words?
e400	14_native_vocabulary	S38	refuted (90% length)	scripts/e400_functional_pursuit.py	results/e400_*.json	Do Fisher-chosen words shorten the description?
e401	14_native_vocabulary	S38	established	scripts/e401_replicate_emergence.py	results/e401_*.json	Is self-describability absent at initialisation everywhere?
e402	14_native_vocabulary	S38	superseded by e437 (accretion stands)	scripts/e402_intelligibility_map.py	results/e402_*.json	Where do false friends arise; does accretion hold?
e403	14_native_vocabulary	S38	supported (GPT-2)	scripts/e403_learned_reference.py	results/e403_*.json	Own words vs a learned SAE (GPT-2)?
e404	14_native_vocabulary	S38	superseded by e437	scripts/e404_false_friend_mechanism.py	results/e404_*.json	Are false friends mediated by the huge directions M?
e405	14_native_vocabulary	S38	established (sharpened by e443)	scripts/e405_accent_to_vocabulary.py	results/e405_*.json	When does the accent become words?
e406	14_native_vocabulary	S38	narrowed (accretion)	scripts/e406_olmo_map.py	results/e406_*.json	Do false friends and accretion hold in OLMo?
e407	14_native_vocabulary	S39	refuted	scripts/e407_read_write_alignment.py	results/e407_*.json	Are readers word-level like writers?
e408	14_native_vocabulary	S39	narrowed (pursuit metric)	scripts/e408_weight_only_function.py	results/e408_*.json	Do the weights alone know which directions matter?
e408b	14_native_vocabulary	S39	refuted	scripts/e408b_weight_only_vocabulary.py	results/e408b_*.json	Can weight-only word selection approach the SAE?
e409	14_native_vocabulary	S39	supported (3 sizes)	scripts/e409_size_ladder.py	results/e409_*.json	Do false friends and the accent shift hold at 70m, 160m?
e410	14_native_vocabulary	S39	supported	scripts/e410_map_structure.py	results/e410_*.json	How are the intelligibility maps structured?
e411	14_native_vocabulary	S39	narrowed (sink directions)	scripts/e411_precursors.py	results/e411_*.json	Are false friends precursors of M's writers?
e412	14_native_vocabulary	S39	supported (Pythia)	scripts/e412_errors_in_own_words.py	results/e412_*.json	Are loss gradients described in the model's own words?
e413	14_native_vocabulary	S39	supported (Pythia)	scripts/e413_in_context.py	results/e413_*.json	Does the vocabulary cover in-context copying?
e414	14_native_vocabulary	S39	narrowed (geometry, e435)	scripts/e414_word_frequencies.py	results/e414_*.json	How often is each native word used?
e415	15_workspace_lenses	S40	refuted (final position; bridge word causal)	scripts/e415_twohop_workspace.py	results/e415_*.json	Does the native-word lens read a two-hop bridge at the final position?
e416	15_workspace_lenses	S40	null (task beyond the model)	scripts/e416_arithmetic_workspace.py	results/e416_*.json	Does the native lens read a hidden arithmetic value without fabricating?
e417	15_workspace_lenses	S40	refuted (suppression reading survives)	scripts/e417_roles_workspace.py	results/e417_*.json	Does the native lens resolve who-did-what roles earlier than lenses?
e418	15_workspace_lenses	S40	supported (97% claim corrected by e437b)	scripts/e418_native_at_7b.py	results/e418_*.json	Does self-description hold at 7B (Qwen2.5-7B, middle depth)?
e419	15_workspace_lenses	S40	refuted (Fisher pursuit no better)	scripts/e419_sinks_exact_7b.py	results/e419_*.json	With the huge directions M kept exact, does Fisher pursuit help?
e420	15_workspace_lenses	S40	supported (Qwen-7B; not causal there)	scripts/e420_twohop_subject.py	results/e420_*.json	Do native words read the bridge at the subject's last token?
e421	15_workspace_lenses	S41	supported (Qwen-7B)	scripts/e421_native_vs_subupdates.py	results/e421_*.json	Do native words beat the largest actual writes (Geva's value vectors)?
e421b	15_workspace_lenses	S42	supported (Qwen-7B)	scripts/e421b_centred_writes.py	results/e421b_*.json	Does e421 survive centring each actual write on its mean?
e422	15_workspace_lenses	S41	refuted (Qwen-7B)	scripts/e422_superweight_function_words.py	results/e422_*.json	Are the super weights the native language's most used words?
e423	15_workspace_lenses	S42	refuted (all 5 models)	scripts/e423_context_readout.py	results/e423_*.json	Do native words surface context tokens (t-1, t-2, t+2) better?
e424	15_workspace_lenses	S42	mixed	scripts/e424_recall_subject.py	results/e424_*.json	Do native words lead at reading a recalled attribute, in five models?
e425	15_workspace_lenses	S42	null (no such word exists)	scripts/e425_prevtoken_causal.py	results/e425_*.json	Is a previous-token native word used causally for induction?
e426	14_native_vocabulary	S42	established (word-level)	scripts/e426_five_model_battery.py	results/e426_*.json	Do the Pythia findings hold in all five models?
e427	14_native_vocabulary	S43	supported (two inversions)	scripts/e427_capability_ladder.py	results/e427_*.json	Does self-description track capability (Pythia sizes)?
e428	14_native_vocabulary	S43	mixed	scripts/e428_usage_importance.py	results/e428_*.json	Is usage a free neuron-importance score?
e428b	14_native_vocabulary	S43	mixed	scripts/e428b_usage_vs_deviation.py	results/e428b_*.json	Does usage beat deviation and spread too?
e429	14_native_vocabulary	S43	established	scripts/e429_duality_depths.py	results/e429_*.json	Does the duality hold at all depths, all readers?
e430	14_native_vocabulary	S43	refuted	scripts/e430_selfdescription_signal.py	results/e430_*.json	Is self-description a novelty or uncertainty signal?
e431	14_native_vocabulary	S43	null	scripts/e431_finetune_vocabulary.py	results/e431_*.json	Does instruction tuning change the vocabulary?
e432	10_sinks_huge_directions	S44	established (corrects e400, e426)	scripts/e432_huge_direction_anatomy.py	results/e432_*.json	What are the huge directions M (top-8 PCs at middle depth)?
e433	10_sinks_huge_directions	S44	narrowed (knee not lexical)	scripts/e433_identity_channel.py	results/e433_*.json	Is M the token-identity channel?
e434	14_native_vocabulary	S44	refuted	scripts/e434_kept_words.py	results/e434_*.json	Does the network keep its most-used words?
e435	14_native_vocabulary	S44	refuted	scripts/e435_state_surrogates.py	results/e435_*.json	Is the advantage just the states' covariance?
e436	14_native_vocabulary	S44	narrowed (step 4000)	scripts/e436_increment_vocabulary.py	results/e436_*.json	Are increments word-level before states?
e437	10_sinks_huge_directions	S44	established (corrects e404)	scripts/e437_sink_hygiene.py	results/e437_*.json	Which phase-3 results survive keeping sink positions exact?
e437b	10_sinks_huge_directions	S44	supported (one model; corrects e418)	scripts/e437b_sink_hygiene_7b.py	results/e437b_*.json	Was Qwen2.5-7B's 97% of variance in M a sink?
e438	10_sinks_huge_directions	S44	refuted	scripts/e438_knee_softmax.py	results/e438_*.json	Is the knee of M the attention softmax?
e439	14_native_vocabulary	S44	refuted	scripts/e439_lexicon.py	results/e439_*.json	Is the native vocabulary the lexicon?
e440	14_native_vocabulary	S44	established	scripts/e440_context_vocabulary.py	results/e440_*.json	Does what context adds have native words?
e441	10_sinks_huge_directions	S44	narrowed (no single seat)	scripts/e441_knee_decomposition.py	results/e441_*.json	Is the knee MLP gating, or another single nonlinearity?
e442	14_native_vocabulary	S44	narrowed	scripts/e442_light_cone.py	results/e442_*.json	Does the advantage live on the broadcast path?
e443	14_native_vocabulary	S44	refuted (at end)	scripts/e443_block_accents.py	results/e443_*.json	Is the vocabulary a union of per-block accents?
e444	16_vision_round	S45	narrowed (early signal in 2 of 4 runs)	scripts/e444_grokking_vocabulary.py	results/e444_*.json	Does the vocabulary announce grokking, and is it written or spoken?
e444b	16_vision_round	S45	supported (written, not spoken)	scripts/e444b_grokking_families.py	results/e444b_*.json	Is each writer family, frozen or trained, a vocabulary on its own?
e445	16_vision_round	S45	refuted (word level)	scripts/e445_translation_between_models.py	results/e445_*.json	Do two models' native words translate one to one?
e446	16_vision_round	S45	refuted (vs rotated words, 4 of 5)	scripts/e446_word_meaning.py	results/e446_*.json	Are native words more interpretable than neurons, by judge-free proxies?
e447	16_vision_round	S45	superseded by e447b (control overfit)	scripts/e447_train_for_self_description.py	results/e447_*.json	Can self-describability be trained into GPT-2 cheaply by a loss term?
e447b	16_vision_round	S45	narrowed (Euclidean only)	scripts/e447b_train_sd_selfgen.py	results/e447b_*.json	Does e447 hold without overfitting (self-generated fine-tuning text)?
e448	16_vision_round	S45	supported (2 models)	scripts/e448_interlingua.py	results/e448_*.json	Are translations described by the same native words in four languages?
e448b	16_vision_round	S45	supported (qualitative)	scripts/e448b_rosetta_words.py	results/e448b_*.json	Which native words carry a sentence across all four languages?
e448c	16_vision_round	S45	mixed (Qwen yes, SmolLM2 partly)	scripts/e448c_rosetta_neurons.py	results/e448c_*.json	Are the Rosetta words just multilingual neurons?
e448d	16_vision_round	S45	supported (3 models)	scripts/e448d_concept_words.py	results/e448d_*.json	Does the vocabulary hold language-independent concept words, under controls?
e448e	16_vision_round	S45	supported (small in Qwen)	scripts/e448e_rosetta_causal.py	results/e448e_*.json	Does removing a Rosetta word matter, in every language?
e449	16_vision_round	S45	supported (with e449b)	scripts/e449_written_or_spoken_lm.py	results/e449_*.json	Is the vocabulary written or spoken in a small sequence model?
e450	16_vision_round	S45	narrowed (only at 256-512 bits)	scripts/e450_native_codec.py	results/e450_*.json	Is the native vocabulary a better codec than PCA at equal bits?
e451	16_vision_round	S46	supported (single depth weak)	scripts/e451_concept_handles.py	results/e451_*.json	Are concept words causal handles for translating their noun?
e452	16_vision_round	S46	supported (function does not fix words)	scripts/e452_reimplemented_block.py	results/e452_*.json	Does a block's function fix its vocabulary; do trained writers make words?
e452b	16_vision_round	S46	refuted (fit quality, not objective)	scripts/e452b_endtoend_block.py	results/e452b_*.json	Is the half-sized advantage the missing end-to-end training?
e453	16_vision_round	S46	narrowed (concept level)	scripts/e453_concept_correspondence.py	results/e453_*.json	Do concept words correspond across Qwen sizes under a dense map?
e454	16_vision_round	S46	refuted (at one depth; see e455)	scripts/e454_concept_properties.py	results/e454_*.json	Does a concept word carry its category at one depth?
e455	16_vision_round	S46	supported (size corrected by e458)	scripts/e455_concept_persistent.py	results/e455_*.json	Does swapping the concept word at every depth redirect the model?
e456	17_forensic_instrument	S47	refuted (not a damage detector)	scripts/e456_compression_autopsy.py	results/e456_*.json	Does self-description detect compression damage?
e457	17_forensic_instrument	S47	narrowed (names, does not compress)	scripts/e457_model_diff.py	results/e457_*.json	Can WDD describe what a fine-tune changed, write by write?
e458	17_forensic_instrument	S47	mixed (corrects e455's size)	scripts/e458_steering_checksum.py	results/e458_*.json	Native word against dense steering at natural size; does a WDD checksum predict success?
e459	17_forensic_instrument	S47	narrowed (modest persistence)	scripts/e459_generation_lineage.py	results/e459_*.json	Do native words persist across generated tokens?
e460	17_forensic_instrument	S48	refuted (history is not an input)	scripts/e460_markov_pairs.py	results/e460_*.json	Do near-identical states with different ledgers have different futures?
e461	17_forensic_instrument	S48	refuted (not an authenticity checker)	scripts/e461_forgery_forensics.py	results/e461_*.json	Can WDD detect and locate a forged write-sized vector?
e462	17_forensic_instrument	S49	refuted (not a learning coordinate)	scripts/e462_gradient_writers.py	results/e462_*.json	How does a gradient update reshape a native word, over training?
e463	17_forensic_instrument	S50	refuted (word choice, not inflection)	scripts/e463_native_accents.py	results/e463_*.json	Is a word's grammatical role carried by inflecting shared native words?
e464	17_forensic_instrument	S50	refuted (no contextual syntax)	scripts/e464_illegal_words.py	results/e464_*.json	Is a native word written where it never fires corrected?
e465	17_forensic_instrument	S51	refuted (omission is functional)	scripts/e465_description_healing.py	results/e465_*.json	Does the network regrow what a 16-word description leaves out?
e466	17_forensic_instrument	S52	refuted (the gap is large)	scripts/e466_kalman_gap.py	results/e466_*.json	How many extra dimensions make a 16-word description dynamically sufficient?
e467	17_forensic_instrument	S52	refuted (no special remainder)	scripts/e467_remainder_content.py	results/e467_*.json	What does a 16-word description leave out?
e468	17_forensic_instrument	S52	mixed	scripts/e468_future_tokens.py	results/e468_*.json	Does a description keep what later tokens read from a position?
e469	17_forensic_instrument	S52	supported (across blocks; corrects e451's reading)	scripts/e469_interchange.py	results/e469_*.json	Are native words interchange coordinates for a high-level variable?
e470	17_forensic_instrument	S53	supported (a writing window)	scripts/e470_interchange_map.py	results/e470_*.json	Where, and through which words, do native handles carry a variable?
e471	17_forensic_instrument	S54	refuted (independent processes)	scripts/e471_word_lifecycle.py	results/e471_*.json	Does a neuron become important before it becomes a native word, and does its function die with its usage?
e472	18_recursion_composition	S55	refuted (a projection, not a native attractor)	scripts/e472_wdd_fixed_point.py	results/e472_*.json	Is the 16-word description a fixed point when WDD is applied again, and do perturbed descriptions converge (the recursive fixed point and attractor)?
e473	18_recursion_composition	S55	supported (Qwen; task PCA equal)	scripts/e473_word_algebra.py	results/e473_*.json	Do native handles for two attributes of one word act independently and compose (word algebra)?
e474	18_recursion_composition	S55	refuted (untyped; no native edge here)	scripts/e474_typed_handles.py	results/e474_*.json	Are native identity handles typed by grammatical role?
e475	18_recursion_composition	S55	narrowed (a coarse activation geometry)	scripts/e475_three_geometries.py	results/e475_*.json	Does WDD induce a geometry of states that predicts behaviour beyond activation distance?
e476	18_recursion_composition	S56	narrowed (real; half unexplained)	scripts/e476_profile_audit.py	results/e476_*.json	Is e475's native-only profile signal an artefact of the metric, or a proxy for a plain variable?
e477	18_recursion_composition	S56	supported (Qwen; gender shared, generation less)	scripts/e477_shared_handles.py	results/e477_*.json	Are attribute handles shared across words and languages?
e478	19_workspace_reader	S57	null (no wrong claims)	scripts/e478_certificate_lens.py	results/e478_*.json	Do a native claim's coefficient, provenance and causal receipt separate right from wrong claims better than the lens's confidence (two-hop bridges)?
e478b	19_workspace_reader	S57	refuted (no certificate)	scripts/e478b_certificate_arith.py	results/e478b_*.json	The same certificates where fabrications occur (chained arithmetic, e416's items)?
e479	19_workspace_reader	S57	supported (computed, not echo)	scripts/e479_directed_modulation.py	results/e479_*.json	Is a concept held in mind while copying a sentence surfaced at the writing positions, and is it an echo of the prompt or computed?
e480	19_workspace_reader	S57	mixed (whole reading keeps it, per-word loses half)	scripts/e480_single_token_battery.py	results/e480_*.json	Does the native reader keep what the lens captures on the benchmark's single-token families (basic, multilingual, typo, poetry), regex-scored?
e481	19_workspace_reader	S57	supported (final position)	scripts/e481_multitoken_concepts.py	results/e481_*.json	Can a single native word carry a multi-token concept and disambiguate it?
e482	19_workspace_reader	S57	refuted (position and recency only)	scripts/e482_order_from_signs.py	results/e482_*.json	Do the signs of native words carry the direction of a described action without a question?
e483	20_classical_calibration	S58	established (5 models)	scripts/e483_gumbel_calibration.py	results/e483_*.json	Is the detection threshold an extreme-value law that predicts the detection curve?
e484	20_classical_calibration	S58	narrowed (non-redundant, with correction)	scripts/e484_erasure_channel.py	results/e484_*.json	How does a description degrade over an erasure channel, and does refitting correct?
e485	20_classical_calibration	S58	established (5 models)	scripts/e485_bits_per_word.py	results/e485_*.json	How many bits does the first native word carry about the next and the current token?
e486	20_classical_calibration	S58	null (exponent); established (concentration)	scripts/e486_heaps_law.py	results/e486_*.json	Does the vocabulary in use grow by Heaps' law, and does provenance change the exponent?
e487	20_classical_calibration	S58	established (5 models)	scripts/e487_word_stream_entropy.py	results/e487_*.json	Does the native word stream have sequential structure of its own?
e488	20_classical_calibration	S58	established (5 models)	scripts/e488_projection_pursuit.py	results/e488_*.json	Are native rows the non-Gaussian directions of the state cloud (projection pursuit)?
e489	20_classical_calibration	S58	supported (partial rediscovery)	scripts/e489_ica_rediscovery.py	results/e489_*.json	Does FastICA on the states alone rediscover the rows?
e490	20_classical_calibration	S58	refuted (geometry the same)	scripts/e490_support_coherence.py	results/e490_*.json	Is the correction of e484 due to more coherent native supports?
e491	20_classical_calibration	S58	established (one mode)	scripts/e491_survival_timescales.py	results/e491_*.json	How many timescales does provenance loss have (Prony)?
e492	20_classical_calibration	S58	established	scripts/e492_gumbel_factor.py	results/e492_*.json	How does the provenance factor vary with depth and training?
e493	20_classical_calibration	S59	established (5 models, 9 checkpoints)	scripts/e493_factor_decomposition.py	results/e493_*.json	Where does the provenance factor come from: the largest actual writes standing out, or rows resembling what others wrote?
e494	21_sae_bridge	S59	supported (many-to-many bridge)	scripts/e494_sae_provenance.py	results/e494_*.json	Which weight rows write a learned SAE feature (GPT-2, block 7 input)?
e495	21_sae_bridge	S60	established (5 depths)	scripts/e495_sae_depth.py	results/e495_*.json	Is the provenance layer under SAEs the same at every depth, and are frequent features single rows?
e496	21_sae_bridge	S60	narrowed (the top row, partly)	scripts/e496_feature_from_ledger.py	results/e496_*.json	Does a feature fire when its writer fires?
e497	21_sae_bridge	S61	narrowed (the bridge reworded)	scripts/e497_feature_specificity.py	results/e497_*.json	Are SAE features special to the native dictionary, or is any direction?
e498	20_classical_calibration	S62	established (Pythia 9, OLMo 7 checkpoints)	scripts/e498_two_clocks_anatomy.py	results/e498_*.json	What carries each clock: which network quantities move with the writers' and the non-writers' part across Pythia's training?
e499	21_sae_bridge	S62	supported (provenance; activation family-dependent)	scripts/e499_sae_second_family.py	results/e499_*.json	Does the bridge hold on an independently trained SAE family (OpenAI TopK, 32k latents)?
e500	20_classical_calibration	S62	established (9 checkpoints)	scripts/e500_type_mix_training.py	results/e500_*.json	Which kind of atom becomes a word, and when (Pythia, nine checkpoints)?
e501	21_sae_bridge	S63	refuted (a property of the feature)	scripts/e501_row_following.py	results/e501_*.json	Is the TopK family's stronger row-following its parameterisation, or its features' sparsity?
e502	21_sae_bridge	S64	mixed (real, modest, sparse)	scripts/e502_ledger_controls.py	results/e502_*.json	Does adding the feature's other native rows carry information about its firing beyond its top row, at fixed frequency and with frozen coefficients?
e503	22_model_tested	S64	refuted (both halves; the floor established)	scripts/e503_who_wins.py	results/e503_*.json	Do the model's two halves predict the native maximum, prominence for writers and the second-order Gumbel level for non-writers (GPT-2, Pythia at 8 checkpoints, OLMo; 3 blocks each)?
e504	21_sae_bridge	S64	narrowed (direction and top row replicate; state-likeness does not)	scripts/e504_pythia_sae.py	results/e504_*.json	Does the bridge hold on a residual-stream SAE of another model (Pythia-160m, EleutherAI's TopK)?
e505	22_model_tested	S64	established (the anatomy)	scripts/e505_anatomy_of_the_max.py	results/e505_*.json	What carries a winning projection: the own coefficient, the position's other large writes, the small writes, attention?
e506	22_model_tested	S64	narrowed (the centred chord predicts GPT-2's level; the crowd and the small writes matter elsewhere)	scripts/e506_chord_prediction.py	results/e506_*.json	Does the chord (the largest writes through the Gram) predict the native maximum, in level, rank and identity?
e507	22_model_tested	S65	narrowed (a partial predictor; the crowd amplifies early and contracts late)	scripts/e507_profile_prediction.py	results/e507_*.json	Does the centred chord predict the whole projection profile: ranks, top atoms, calibration, and where the error comes from?
e508	22_model_tested	S66	supported (GPT-2); refuted elsewhere, with the sign of the structure	scripts/e508_chord_wins.py	results/e508_*.json	Is the chord's better prediction of the maximum than of the profile a selection effect over an exchangeable residual?
e509	22_model_tested	S66	established (a response; the contraction spares the chord)	scripts/e509_crowd_response.py	results/e509_*.json	Is the crowd's contraction of the chord the network's response to the chord, and is it area 05's learned contraction?
e510	22_model_tested	S67	refuted (isotropic); the sparing is nonlinear and pattern-level	scripts/e510_contraction_anisotropy.py	results/e510_*.json	Does the learned contraction spare native atoms, or any direction on the state cloud's manifold?
e511	22_model_tested	S68	refuted (the manifold); the sparing is write history	scripts/e511_fake_chord.py	results/e511_*.json	Is the chord's sparing a property of any chord of native rows, or of the rows that wrote at the position?
e512	23_training_sweep	S68	narrowed (a crossover, ordered)	scripts/e512_transition_sweep.py	results/e512_*.json	Is the onset of wordhood a transition, and in what order do the observables move (Pythia-410m, 18 checkpoints from step 512 to the end, blocks 6, 12, 18)?
e513	23_training_sweep	S69	established (the phases); refuted (gradient concentration as the initiator)	scripts/e513_early_sweep.py	results/e513_*.json	What precedes sparsification (Pythia-410m at 13 checkpoints from initialisation to step 2000; e512's observables plus the gradient's concentration across rows, the rows' liveness, the ledger's kurtosis and the cloud's anisotropy)?
e514	23_training_sweep	S70	narrowed (a faint precursor; no early lineage); the winner trap closed	scripts/e514_lineage.py	results/e514_*.json	Can the rows that end as native words be told apart before they are words, and by what; and what atom type wins early (fourteen Pythia checkpoints; 256 words per block against non-words matched on eventual magnitude and random non-words)?
e515	23_training_sweep	S71	tool	scripts/e515_word_tracks.py	results/e515_*.json	Every MLP row's usage as a native word, mean absolute write, activity and cosine with its end direction at thirteen Pythia checkpoints, blocks 6 and 12 (the records e515b reads)
e515b	23_training_sweep	S71	narrowed (generic churn under a moving boundary; not a magnitude threshold)	scripts/e515b_turnover.py	results/e515b_*.json	Is the vocabulary replaced, or do rows cross a fixed threshold at different times?
e516	23_training_sweep	S72	tool	scripts/e516_row_quantities.py	results/e516_*.json	Every MLP row's candidate quantities at thirteen Pythia checkpoints, blocks 6 and 12: usage, magnitude, activity, kurtosis, prominence when active, and the extreme-value quantities (the share of positions at which the row's own write, and its projection, clear the calibrated floor; the largest projection over it)
e516b	23_training_sweep	S72	established (the floor is the selection criterion)	scripts/e516b_entry_prediction.py	results/e516b_*.json	What governs entry into the vocabulary: ranked at a checkpoint by quantities computed there, which non-word rows are words at a later checkpoint (nothing fitted)?
e517	24_selection_counterfactual	S73	tool	scripts/e517_chord_swap.py	results/e517_*.json	Every row's largest projection over the floor under counterfactual states at thirteen Pythia checkpoints (real; fake chord; permuted chord; no chord; own write removed), the records e517b reads
e517b	24_selection_counterfactual	S73	refuted (the chord); the carrier is the state outside its largest writes	scripts/e517b_chord_swap_prediction.py	results/e517b_*.json	Does destroying the position's chord destroy the prospective prediction of entry (the relayed chain: chord makes the maximum, the maximum makes the word)?
e518	24_selection_counterfactual	S73	established (three models)	scripts/e518_cross_text_selection.py	results/e518_*.json	Does the selection criterion hold across texts, at the end of training, in GPT-2, Pythia and OLMo?
e519	24_selection_counterfactual	S74	tool	scripts/e519_carrier_components.py	results/e519_*.json	Every row's largest projection over the real floor supplied by each centred part of the state alone and by three combinations, and the parts' shares at the row's real maximum, at thirteen Pythia checkpoints (the records e519b reads)
e519b	24_selection_counterfactual	S74	refuted (attention); the projection is a consensus of the parts	scripts/e519b_carrier_prediction.py	results/e519b_*.json	Which part of the state supplies the projection that predicts entry (attention, the relayed bet; the embedding; the crowd; the chord; the own write)?
e520	24_selection_counterfactual	S75	refuted (the criterion is on the resultant alone)	scripts/e520_agreement.py	results/e520_*.json	Does the agreement of the parts predict entry beyond the size of their sum (the relayed take's consensus as a mechanistic variable; an analysis over e519's records)?
e521	24_selection_counterfactual	S76	refuted (transport, words, descendants, unembedding); established (local and diffuse)	scripts/e521_descendant_sources.py	results/e521_*.json	What computation moves the state toward a future word's direction: writes elsewhere transported by attention, the current words, a few descendants, or the unembedding's pull (three Pythia origins; first-order transport attribution checked by ablation)?
e521b	24_selection_counterfactual	S77	narrowed (e521's participation ratio was a cancellation count; the carriers number thousands)	scripts/e521b_retention.py	results/e521b_*.json	Is the source genuinely diffuse or heavy-tailed behind a large participation ratio (the relayed caution; the retention curve, attributed and ablated)?
e522	25_training_motion	S77	refuted (the gradient selects); established (the row moves)	scripts/e522_gradient_pull.py	results/e522_*.json	Does the loss gradient at the origin explain which rows the state comes to align with (one step along the flow and along the sign of the gradient; S recomputed with rows and states moved, states alone, rows alone; the same split for the actual change; local state and row pulls; four Pythia origins)?
e522b	25_training_motion	S77	narrowed (the state-side null stands; the row-side test is underpowered)	scripts/e522b_gradient_reliability.py	results/e522b_*.json	Is the null real or is the gradient estimate too noisy: 65k tokens of the Pile in two halves, split-half reliability of every gradient quantity, the rows' accumulated change against the origin's gradient, the states' actual change against the flow's prediction
e523	25_training_motion	S77	established (directed rotation; breadth beyond the maximum)	scripts/e523_row_motion.py	results/e523_*.json	Where do the entrants' rows move: toward the state at their best position, or into the cloud's principal subspace; does the best position persist; what predicts entry beyond S (four Pythia origins)?
e524	25_training_motion	S78	tool	scripts/e524_cache.py	results/e524_*.json	The row space against the state cloud at sixteen Pythia checkpoints a thousand steps apart (the records e524b reads)
e524b	25_training_motion	S78	established (directed drift, breadth first, fast crossing; the states move the maximum)	scripts/e524b_trajectories.py	results/e524b_*.json	How a row moves into the vocabulary a thousand steps at a time: steady, episodic, concentrated at entry, or tracking the cloud (321 clean entries at block 12, 316 at block 6, aligned at entry; matched and all-non-word references)?
e525	26_drift_cause	S79	refuted (the drift is not the instantaneous gradient); established (consistency falls with firing)	scripts/e525_gradient_scale.py	results/e525_*.json	Does a row's drift follow its own loss gradient once the gradient is estimated at training-batch scale (3M Pile tokens in two halves; every row of blocks 0-12; the actual one- to four-thousand-step updates from e524's records; three origins)?
e525b	26_drift_cause	S79	refuted	scripts/e525b_whitened.py	results/e525b_*.json	Is the drift the Adam-whitened gradient (the per-micro-batch mean over the per-coordinate standard deviation), which could be followed while the raw gradient looks uninformative?
e526	26_drift_cause	S80	narrowed (a few percent of the motion is the neuron's context; the read direction repels the typical write; long memory)	scripts/e526_input_side.py	results/e526_*.json	Which direction computable at the origin does a row's thousand-step motion follow (the active-state mean at its block and at block 12, own write removed; the co-active writes; the read direction; the state at its best position; the row itself), how much of the motion do they explain together, and how long does the motion remember its direction (three origins)?
e527	26_drift_cause	S80	refuted	scripts/e527_curvature.py	results/e527_*.json	Does the drift lie in flat directions of the loss (central-difference curvature in the row's coordinates along the thousand-step update, the negative gradient, the row itself and two random directions; sixty entrants and sixty matched per origin)?
e528	26_drift_cause	S81	narrowed (a common flow exists and persists but carries a tenth and makes no entrant)	scripts/e528_common_flow.py	results/e528_*.json	Is the rows' motion a common linear flow on the whole row set (dW = W M over 53,248 rows per thousand-step interval, against a permutation null), what is its structure and persistence, and does it make the entrants (applied to the origin's rows against the origin's states)?
e529	26_drift_cause	S81	refuted (nothing flat; the entrants steeper by their growth)	scripts/e529_drift_curvature.py	results/e529_*.json	Where do the drift and the oscillation live in the loss geometry, separated by timescale (curvature along the thousand-step update, the two-thousand-step displacement, the difference of consecutive increments, the eight-thousand-step displacement, a random direction; sixty entrants and sixty matched; origins 4000, 8000)?
e530	26_drift_cause	S82	established (the bound: the direction is not in the geometry at either end; the size is)	scripts/e530_predictability.py	results/e530_*.json	How much of a row's eight-thousand-step displacement is predictable from anything at the origin, direction and size apart (predictors fitted on half the rows, scored on the other half: growth, a common direction, the common flow, one scale per origin-time target, a map per target, the maps without the row, and the hindsight maps on the destination's contexts; origins 4000 and 8000)?
e531	27_native_axes	S83	narrowed (four fifths generic; the native excess a tenth, carried by the frozen directions; the motion adds nothing)	scripts/e531_temporal_null.py	results/e531_*.json	Is the prospective criterion specific to the native rows: three fixed dictionaries (the native rotated, random atoms, the native frozen at 4000) followed across sixteen checkpoints against the moving states, with OMP usage defining each dictionary's words and the same S?
e532	27_native_axes	S84	refuted (covariance); established (orientations; the kernel widens)	scripts/e532_covariance_matched.py	results/e532_*.json	Is the native rows' stability their second-order geometry (random atoms with the dictionary's covariance; with the state cloud's), what is the half-life of each dictionary's words, and how does a native dictionary frozen at one age describe the states of other ages?
e533	27_native_axes	S84	established (a wide basin, twice a random dictionary's, by the margin)	scripts/e533_angular_basin.py	results/e533_*.json	How precisely oriented must a word be: each word atom rotated by theta toward a random orthogonal direction, OMP rerun on the same states (static) and on the states four thousand steps later with the atoms frozen (prospective); native against a random dictionary; checkpoints 4000, 8000, 12000, block 12?
e534	27_native_axes	S85	established (anisotropic; mostly the row's own; the width is the margin)	scripts/e534_basin_anatomy.py	results/e534_*.json	Is a native word's basin directionally structured (the same angle toward the row's future direction, into and out of the top-32 subspace, toward and away from the nearest atom, against random), the row's own or its competitors' (competitors rotated instead), and does the margin account for its width (per-word features; native against random words within quartiles of S)?
e534b	27_native_axes	S86	supported (the basin is the margin)	scripts/e534b_margin_elasticity.py	results/e534b_*.json	Is retention a smooth function of the margin alone (e534's per-word records: survival at 20 and 30 degrees against S in pooled quintiles; the common range 0.9-1.25; native against random)?
e535	27_native_axes	S87	established (the phenomenon is the geometry, not the machinery)	scripts/e535_wordhood_without_omp.py	results/e535_*.json	Does the phenomenology survive the removal of OMP: wordhood by nearest neighbour, by top-16 correlation and by the count of positions over the floor, at sixteen checkpoints, native and random dictionaries?
e536	28_synthetic_null	S87	established (the generic four fifths need no training; the native excess needs a pull into the cloud)	scripts/e536_synthetic_null.py	results/e536_*.json	Does the phenomenology appear with no training: rows diffusing on the sphere against a Gaussian cloud with the real covariance (A), with a weak pull along the covariance (B), rows fixed and the cloud rotating (C), both moving (D)?
e537	28_synthetic_null	S88	established (geometry gives birth, breadth and turnover; a coherent motion into the cloud gives the native fifth; memory alone nothing)	scripts/e537_factorial_replay.py	results/e537_*.json	Which ingredient makes which statistic (six synthetic worlds crossing memory, covariance-shaped noise and the pull, same step size), and does the native excess ride on Pythia's own increment sequences (the replay: increments permuted across rows under one fixed permutation, and independently at every interval, against the real states)?
e538	28_synthetic_null	S89	established (aligned with the cloud's covariance directions; the sign necessary); refuted (a fading pull as the plateau)	scripts/e538_coupling_tests.py	results/e538_*.json	Is the native fifth a property of the rows or of their trajectories' relation to the cloud (the real rows against the cloud turned by a fixed rotation; against a Gaussian cloud with the real covariance; the rows reversed in time; the radial-stripped permuted replay), and does a fixed-point drift law or the pull's sign matter (synthetic)?
e538b	29_exits	S89	established (the floor is a one-way gate; exits are losses of usage and breadth)	scripts/e538b_exit_profile.py	results/e538b_*.json	How does a word leave: clean exits (a word at k=-2 and -1, not at k=0 and +1) from the e524 cache, aligned on the first checkpoint out, with S, breadth and usage over the word threshold, against S-matched stayers; the clean entries on the same footing; blocks 12 and 6?
e539	29_exits	S90	refuted (displacement; local takeover; the gate generic); established (erosion against a still field; hysteresis generic)	scripts/e539_takeover.py	results/e539_*.json	Is an exit a displacement, and by whom: from the e524 cache with OMP over the rows alone, for Pythia's rows and a fixed random dictionary against the same states, e538b's profiles, hysteresis at equal S and breadth, the own-versus-cutoff decomposition at the positions a leaver loses and an entrant gains, and the takeover audit (the atoms new at the lost positions, their concentration, class, cosine and neighbour rank to the leaver, against random positions; the atoms an entrant displaces)?
e539b	29_exits	S90	refuted (the row's motion as the cause); established (the states' drift, the maximum relocating)	scripts/e539b_exit_motion.py	results/e539b_*.json	Whose motion erodes a word: at a leaver's lost, kept and peak positions and an entrant's gained, held and peak positions, the change of the cosine between state and row split into the row's motion, the state's motion and the remainder, with the floor's change?
e540	29_exits	S90	narrowed (the erosion and the hysteresis generic; the gate half generic, whole only with the native maximum's persistence)	scripts/e540_synthetic_exits.py	results/e540_*.json	Does the one-way gate, the hysteresis and the erosion appear without training: e539's analysis in e537's synthetic worlds (isotropic diffusion; the pull; memory with the pull)?
e541	29_exits	S91	refuted (breadth alone; peak memory; usage clusters); established (the persistence of the native alignments at equal level)	scripts/e541_maximum_persistence.py	results/e541_*.json	What holds the native maximum: the provenance of every word's maximum at t+1 (the same position, its top five or twenty at t, beyond), an order-statistics null (a level-conditional kernel of per-position changes from the random atoms and from the native non-words, applied independently to a word's profile), the level-matched persistence of a position's projection, the states' persistence at the peaks, and usage clusters (the lost positions' pairwise state cosine and token sharing against the kept and random positions)?
e541b	29_exits	S91	established (the persistence is the covariance); refuted (persistence as stability)	scripts/e541b_covariance_persistence.py	results/e541b_*.json	Is the persistence the cloud's covariance: the same for atoms drawn with the state cloud's covariance, with the persistence of S across one and four thousand steps, retention and entries per dictionary, and the null for the native words with the covariance atoms' kernel?
e542	30_tails	S92	refuted (a small persistent subspace; slow dynamic modes; rows leading); established (broad persistence; the native extremes persisting beyond the bulk)	scripts/e542_spectral_persistence.py	results/e542_*.json	Which directions of the cloud persist and do the rows sit in them: the states' per-direction persistence by eigenvalue rank, the dynamic modes against the variance modes, the rows' weight in the top-k subspaces with the expected and the empirical persistence of their projections and the conditional persistence by level, the subspace's rotation and the three norms, the frozen and final subspaces, the entrants' weight around entry?
e543	30_tails	S92	refuted (a Gaussian cloud with the real dynamics as the generator); narrowed (the covariance gives the spatial and the temporal persistence, not the plateau or the retention)	scripts/e543_cloud_dynamics_null.py	results/e543_*.json	Same covariance, different dynamics: the real rows against the real states, independent Gaussian samples, a uniformly coupled Gaussian process, a spectrally coupled one and a frozen latent, all with the real covariance at every checkpoint?
e544	30_tails	S93	established (four pairs per position carry the native fifth; the bulk inert); refuted (the tail's shape as a predictor)	scripts/e544_tail_graft.py	results/e544_*.json	Is the native fifth in the tails: the real rows against the coupled Gaussian cloud with the real projections transplanted at each position's top-k rows (k = 4, 16, 64, 256), and against the real states with the top-k projections per position Gaussianised (k = 16, 64), each state solved exactly per position; plus a prospective panel of the shape of a non-word's projection distribution?
e544b	30_tails	S93	established (the set of extreme rows, not their positions); refuted (per-position persistence as the carrier)	scripts/e544b_permuted_graft.py	results/e544b_*.json	Is it the extremes or their persistence: the top-4 graft with the pairs and values of a randomly chosen other checkpoint (time-permuted), and with the pairs moved to random positions at every checkpoint (position-permuted)?
e545	31_coalitions	S94	established (a persistent, word-specific ensemble of thousands); refuted (a sparse event; big writers; shared programs)	scripts/e545_writer_ensembles.py	results/e545_*.json	Who writes a row's extremes: at steps 4000, 8000 and 16000 the state split into its writes (53,248 MLP writers, thirteen attention outputs, the embedding), the contribution of each writer to every top-4 extreme pair; the concentration of an extreme; the similarity of a row's writer vectors across its extreme positions against a typical position and against other rows; random directions in place of the rows; the words-by-writers matrix, its rank and its persistence?
e546	31_coalitions	S95	established (the coalition precedes the word; private; persistent beyond its contexts); refuted (entry as the ensemble forming; the persistence as a selection artefact)	scripts/e546_ensemble_precedence.py	results/e546_*.json	Does the ensemble come before the word: at all sixteen checkpoints, for every clean entrant and an S-matched near miss at the row's top-4 positions at t and k = -4..+2, S, the MLP projection, the coherence of the contributions, the within-row similarity of the writer vectors (contemporaneous alignment, alignment fixed at entry, activations alone), the persistence to entry, the attention outputs' and the own neuron's shares; at step 8000 the coherence of persistent words at their top and random positions and of random rows, the ensemble-by-row specificity matrix, and a selection-matched null for the ensembles' persistence?
e546b	31_coalitions	S95	narrowed (e522's row's rotation is a quarter of the rise; transport another quarter)	scripts/e546b_rise_decomposition.py	results/e546b_*.json	The rise of an entrant's projection from four intervals before entry to entry, additively: per event the change split into the activations' change, the row's rotation through the local MLP writes, the local writers' motion, an MLP remainder, the attention outputs' own motion, the row's rotation seen through attention, a cross term and the embedding and biases, as shares of the total, for the approach, the crossing and both, entrants and near misses?
e547	31_coalitions	S96	retracted (the alignment-selected channel, generic by construction); supported (the approach toward the future contexts beyond selection); narrowed (families few, near-duplicate rows)	scripts/e547_channel.py	results/e547_*.json	Does the row rotate onto a pre-existing channel: with the coalition defined at the event as the top-500 writers by contribution at the row's top-4 positions and the channel as their aggregate write, for entrants, S-matched near misses and random non-words, the channel's stability, the row's approach to it, the displacement's cosine with it, with the mean state and with random directions, the aggregate write's purity, the layer profile; and at step 8000 the coalition families?
e547b	31_coalitions	S96	established (the neuron's selectivity precedes entry; the approach beyond selection); supported (a near miss loses its selectivity)	scripts/e547b_selectivity.py	results/e547b_*.json	What the entrant's neuron does at its future contexts, against controls: the z-score of its own activation at the row's top-4 positions at the event against all positions, k = -8..+2; the row's cosine with a class direction defined at k=-8 and with the event's; the displacement's cosine with them; entrants, near misses, random non-words?
e548	32_necessity	S97	established (the projection carries what the activation side lacks); refuted (WDD as a proxy for selectivity)	scripts/e548_activation_vs_wdd.py	results/e548_*.json	Can ordinary neuron statistics computed without the projection predict future entry as well as S: ten features at t for entrants at five horizons and 4,000 random non-words per origin, single-feature AUCs, logistic regressions out of sample (even origins to odd and the reverse) on the WDD set, the activation set, with the output geometry and the coalition, and all; and whether family pairs share input selectivity?
e549	32_necessity	S98	narrowed (the feature side sees the row at cosine about a half and half of its contexts; no feature is the word's context set)	scripts/e549_feature_side.py	results/e549_*.json	Can a learned feature dictionary of the states recover the row-context associations: Pythia-160m at the end of training, block 6, EleutherAI's TopK autoencoder; for each native word's context set (its eight positions of largest projection) the best-matching feature by Jaccard and the feature nearest to the row by decoder cosine, against random non-word rows, random directions and shuffled positions; in reverse the nearest row to every live feature?
e550	33_second_model	S99	tool	scripts/e550_olmo_cache.py	results/e550_*.json	The cache: OLMo-1B-0724 at steps 1000-16000 (about two billion tokens a step), block 8, the 8 x 256 evaluation tokens: states, sink mask, unit centred states, the MLP rows of blocks 0-8 with norms, every writer's activation, the summed attention outputs and the embedding; each checkpoint's weights removed after use?
e551	33_second_model	S99	established (all four replicate, most more strongly)	scripts/e551_olmo_exits.py	results/e551_*.json	The gate, the criterion and the persistence on OLMo-1B, rows against a fixed isotropic random dictionary of the same size?
e552	33_second_model	S99	established (the coalition, its persistence and its precedence); refuted (the neuron's selectivity preceding entry; attention's half)	scripts/e552_olmo_coalitions.py	results/e552_*.json	The coalitions, their precedence and the neuron's selectivity on OLMo-1B?
e553	33_second_model	S99	established (WDD is not a proxy for neuron selectivity on the second model either)	scripts/e553_olmo_necessity.py	results/e553_*.json	The necessity test on OLMo-1B: ten features at the origin, single-feature AUCs at five horizons, logistic out of sample?
e554	33_second_model	S100	established (the neuron selective and the top contributor on OLMo too; the floor a bound, not the threshold, on both); retracted (session 99's architectural clause)	scripts/e554_olmo_neuron.py	results/e554_*.json	The OLMo neuron by absolute activation and by its own write's rank among contributors, attention's share of the state at extremes and everywhere, and the birth threshold on both models (the words' S quantiles, the non-words over the floor and over the words' tenth percentile, the entrants' S over that percentile)?
e555	33_second_model	S100	narrowed (the tails carry the plateau, the gate and the turnover; the covariance most of OLMo's retention)	scripts/e555_olmo_tails.py	results/e555_*.json	The tails on OLMo: the real rows against the real states, a coupled Gaussian cloud with the real covariance, the top-4 graft onto it and the top-16 surgery on the real states?
e556	34_map	S101	established (the vocabulary tracks generalisation, not the optimizer)	scripts/e556_optimizer_geometry.py	results/e556_*.json	The grokking toy under AdamW, sign momentum, clipped SGD and three plain SGD settings: does the native vocabulary depend on the optimizer's geometry?
e557	34_map	S101	established (conserved by context sets; mostly not token identities)	scripts/e557_cross_scale.py	results/e557_*.json	Context-set twins across scale (410m against 160m), across a data twin (160m against 160m-deduped), against a rotated-dictionary null and a size null; token purity; rows by index
e557b	34_map	S101	established (the words outlive their rows)	scripts/e557b_init_and_age.py	results/e557b_*.json	Shared initialization and its retention; the step-16000 words recomputed rows-only against the final words by index and by context sets; age against having a twin
e558	34_map	S101	mixed (no barrier; the neuron carries the word)	scripts/e558_merge_transplant.py	results/e558_*.json	Weight-averaging steps 8000 and 16000 (alpha 0.25, 0.5, 0.75); the 16000 neuron of entrants, stayers and never-words transplanted into the 8000 model at three depths
e558b	34_map	S101	established (entry is the row's turn into a spoken direction; exit is the cloud's erosion)	scripts/e558b_rise_decomposition.py	results/e558b_*.json	The rise from 8000 to 16000 split into the row's motion and the cloud's by dictionary swaps in both orders
e559	34_map	S101	null (no single state announces a corruption; the ledger identifies a document above tokens, below the mean state)	scripts/e559_corruption.py	results/e559_*.json	Detecting an upstream corruption from one block-12 state (raw, PCA-256, native codes, rotated codes, ledger scalars; AUC by distance) and document identity from half a sequence
e560	34_map	S101	null (no error signal in the ledger; novelty is a lead)	scripts/e560_facts.py	results/e560_*.json	160 capital prompts (accuracy 0.59) and 30 invented countries at blocks 6, 12, 18, 22: S, words among the 16, codes and raw state against the model's confidence, right vs wrong and real vs invented
e561	34_map	S101	established (exact at M=1024; the later picks are what a screen loses)	scripts/e561_screening.py	results/e561_*.json	Screening: OMP inside the M rows of largest projection per position (M = 64 to 4096) against full OMP; coverage by selection order; the rows of blocks 9-12 alone
e561b	34_map	S101	tool (e561's shared-GPU timings superseded)	scripts/e561b_screening_scale.py	results/e561b_*.json	The timings alone on the GPU at the present size and at four times the positions and rows
e562	34_map	S101	supported (words without tokens, weaker and broader; the floor looser on images)	scripts/e562_vit.py	results/e562_*.json	google/vit-base-patch16-224 and facebook/deit-base-patch16-224 on 40 natural images: native, rotated and Gaussian dictionaries of the MLP rows at blocks 3, 6, 9; the 256 words' statistics
e563	34_map	S101	established (a vocabulary with neither attention nor MLPs, stronger than Pythia's)	scripts/e563_mamba.py	results/e563_*.json	state-spaces/mamba-130m-hf and mamba-370m-hf on the Pile sequences: the mixer output-projection rows as the dictionary at a quarter, half and three quarters of the depth
e564	34_map	S101	narrowed (the states move, the rows do not; the set's edge follows)	scripts/e564_continual.py	results/e564_*.json	Pythia-160m fine-tuned 300 steps on TinyStories at lr 2e-6, 5e-6, 2e-5: Pile and TinyStories losses, the Pile word set, usage, the rows' rotation against norm-matched non-words, replacement
e564b	34_map	S101	established (the word set is a marginal statistic; the usage the robust one)	scripts/e564b_noise_control.py	results/e564b_*.json	Gaussian noise on every weight matrix at relative 0.5-4%: the same measures at matched Pile-loss damage
e565	35_mechanism_map	S102	established (the write direction carries the word)	scripts/e565_factorial_transplant.py	results/e565_*.json	What has to travel with a neuron for its word to survive: the write column, its direction, its norm, the read row, the bias and their combinations, transplanted from step 16000 into step 8000
e566	35_mechanism_map	S102	established (the partition is the data's)	scripts/e566_partitions.py	results/e566_*.json	Do independently trained models converge on the same partition: Pythia-160m against seven seed and data variants by token positions; Pythia-410m, Mamba-130m, GPT-2 and OLMo-1B by character spans
e566b	35_mechanism_map	S102	established (real; not a common component)	scripts/e566b_index_null.py	results/e566b_*.json	Is the by-index row correlation between main and its seed variants real: shuffled-index and mean-removed nulls, step-0 rows
e566c	35_mechanism_map	S102	null (nothing shared at the uploaded step 0)	scripts/e566c_shared_reads.py	results/e566c_*.json	Does any step-0 tensor of the weight-seed variant match main's (embedding, attention, MLP read and write rows)
e566d	35_mechanism_map	S102	established (both variants start from main's initialisation; the plain seed variants are the independent ones)	scripts/e566d_init_check.py	results/e566d_*.json	Where did the weight-seed run start: its steps 512 and 1000 against its own step 0 and main's
e567	35_mechanism_map	S102	supported (the association tracks generalisation, not the knob)	scripts/e567_dynamics_sweep.py	results/e567_*.json	Under which learning dynamics the association emerges: the grokking toy with one knob turned at a time (width, decay, learning rate, data fraction, initialisation scale, random labels, seed), four invariants every 250 steps
e568	35_mechanism_map	S102	narrowed (known entity against name-like string, no causal role for the row's write)	scripts/e568_invented_names.py	results/e568_*.json	The invented-name lead: which row, the same row across frames and categories, matched token counts, the row's Pile context, its write zeroed
e569	35_mechanism_map	S102	established (membership is the fragile level)	scripts/e569_stability_hierarchy.py	results/e569_*.json	The stability hierarchy: row identity, membership, usage, describe, matter under weight noise, fine-tuning and training
e569b	35_mechanism_map	S102	refuted (description at K=8 is the norm class's, not the words')	scripts/e569b_describe_baseline.py	results/e569b_*.json	Is the describe level the words': random rows, norm-matched random rows, rotated and Gaussian atoms as 256-atom dictionaries at K=8
e570	35_mechanism_map	S102	established (a private coalition with the own row first, as on OLMo)	scripts/e570_mamba_coalition.py	results/e570_*.json	The coalition on Mamba-130m: within-row coherence, effective writers, the own row's rank, selectivity, block shares, against near misses, random rows and random directions
e571	35_mechanism_map	S102	established (the loop runs from the data to the neuron)	scripts/e571_cross_lagged.py	results/e571_*.json	The row and the cloud at one-checkpoint resolution: the four S matrices per interval, aligned on entries and exits; the variance loop against random directions and random turns
e572	35_mechanism_map	S102	established (the association is the words', the span is the norm's)	scripts/e572_norm_matched_words.py	results/e572_*.json	What a word is beyond a large row: usage, S, count, breadth, norm rank and cross-model twins for words, norm-matched non-word rows and random rows on three models
e573	36_object	S103	refuted (neither the direction nor its effect follows the class across a row change)	scripts/e573_class_or_row.py	results/e573_*.json	When a context class changes its row between step 16000 and the end: does the new row's direction match the old, and does the direction's downstream effect (the logit change through blocks 13-23 when it is removed at the class's positions) match?
e573b	36_object	S103	established (the direction carries the function)	scripts/e573b_synonyms.py	results/e573b_*.json	Within one model, do two words sharing a context class share their downstream effect, and does the effect track the direction?
e574	36_object	S103	mixed (the partition is the corpus's surface structure; not an output partition; the words are not the interface)	scripts/e574_what_partition.py	results/e574_*.json	What the partition is: surface predictability of the context sets, their homogeneity in the predicted next token against the input token, and the read energy of the words' directions by the other blocks
e575	36_object	S103	refuted (no shared patch partition)	scripts/e575_vision_twins.py	results/e575_*.json	Do ViT-base and DeiT-base share a partition of patches on the same 40 images (blocks 3, 6, 9)?
e575b	36_object	S103	narrowed (the shared part is the spatial layout)	scripts/e575b_image_level.py	results/e575b_*.json	The same at the image level and at the spatial level (a word's set of patch indices over images)
e576	36_object	S103	narrowed (frozen trained rows draw usage, not their classes)	scripts/e576_frozen_rows.py	results/e576_*.json	The loop's reverse direction in the toy: a fresh network trained with the grokked run's write rows frozen (as trained, permuted among the neurons, or random): does it re-use the rows for the same classes?
e577	36_object	S103	refuted (the label travels, the computation does not)	scripts/e577_functional_transplant.py	results/e577_*.json	What the transplanted direction carries: the step-8000 model's next-token distribution at the entrants' classes with the 16000 direction, the whole neuron, a random word's direction, or the direction in random neurons
e578	36_object	S104	refuted (no transplant short of the readout carries the computation; the effect is the direction's, its producers' and its readers' together)	scripts/e578_coalition_transplant.py	results/e578_*.json	The coalition transplant factorial: the direction alone, the producer coalition (k = 128, 512) with and without the direction, block-matched random neurons, and the readout (blocks 13-23) alone or with every coalition: what makes the entrant a word, and what moves the recipient's predictions at the class toward the donor?
e579	36_object	S104	narrowed (a label-free detector of generalisation, not a predictor)	scripts/e579_lead_time.py	results/e579_*.json	Does the vocabulary statistic anticipate generalisation in the fourteen toy runs (the native excess and the advantage against test accuracy, every 250 steps, training inputs only)?
e580	37_instrument_placed	S105	tool (the trajectories for e580b)	scripts/e580_detector_runs.py	results/e580_*.json	Twenty toy trajectories (five knobs times four seeds, 10000 steps) with the WDD statistics logged every 250 steps beside training loss, weight norms, the states' participation ratio and top-8 share, ReLU density and the embedding's Fourier share
e580b	37_instrument_placed	S105	refuted (the classic signals are not beaten)	scripts/e580b_detector_analysis.py	results/e580b_*.json	Which label-free statistic at t predicts generalisation at t + delta (250-2000 steps), each alone, leave-one-run-out, level and change?
e581	37_instrument_placed	S105	refuted (the coalition is any spoken direction's; the instrument's element is the parameter, not the decomposition)	scripts/e581_sae_vs_words.py	results/e581_*.json	The public TopK autoencoder for Pythia-160m at block 6 on the same states as the words: do its features have producer coalitions, are the producers necessary, and do a feature and its nearest word share producers?
e582	38_born	S106	tool (the cache for e583, e584)	scripts/e582_longitudinal_cache.py	results/e582_*.json	The longitudinal cache: Pythia-410m block 12 at steps 1000-16000 on 24 sequences of 512 tokens (states, sink masks, the rows of blocks 0-12)
e583	38_born	S106	tool (the control for e584)	scripts/e583_sae_per_checkpoint.py	results/e583_*.json	A TopK autoencoder (4096 latents, 32 active) trained on each checkpoint's states: the per-checkpoint learned dictionary without parameter identity
e584	38_born	S106	narrowed (the class is there from the start, the coalition precedes the row; the learned dictionary sees a minority of classes and never the parameter)	scripts/e584_longitudinal.py	results/e584_*.json	For 241 eventual words, five events dated over sixteen checkpoints: the class present in the cloud (row-free), the checkpoint autoencoder's feature for it, the row recruited, the coalition coherent, the autoencoder's decoder pointing at the row; which comes first?
e585	39_migration	S107	established (the class with its direction is the invariant; the row is its replaceable implementation)	scripts/e585_relay.py	results/e585_*.json	The relay: for 253 classes over sixteen checkpoints and the final model, the speaker row at each checkpoint, handoffs, overlaps and gaps, and the class's own direction against the speakers' identity
e586	39_migration	S107	narrowed (substitution is partial)	scripts/e586_block_recruit.py	results/e586_*.json	Block the recruit in the toy: training resumed from step 1500 with the 32 eventual words frozen, with 32 random non-words frozen, and unfrozen; does it still grok, and do the classes re-appear on substitutes?
e587	39_migration	S107	established (the recruit is the nearest available row, predictable thousands of steps ahead)	scripts/e587_recruit_geometry.py	results/e587_*.json	Recruitment as geometry: the eventual row's rank among 53,248 rows by cosine with the class's direction, by its ratio over the class and by its count over the floor, 0-8 checkpoints before recruitment
e588	39_migration	S108	supported (forecastable, below the pre-registered level)	scripts/e588_forecast.py	results/e588_*.json	The forecast with no future in the class: row-free clusters at t (K = 512 / 128), each row's pull toward the class it would own, the target the words at t + k, against the row's S, norm and usage, on Pythia-410m and OLMo-1B; the clock from the pull's slope
e589	40_turn_and_paper	S109	narrowed (a small consistent drift driven by the class's own positions; not a jump)	scripts/e589_gradient_turn.py	results/e589_*.json	The learning signal behind the turn: for 189 eventual rows two checkpoints before recruitment, the loss gradient of the write column decomposed by position, the step against the class's row-free direction and the row's 16000 direction, against matched non-recruits, random rows and a class-shuffled null
e590	40_turn_and_paper	S109	narrowed (replacement not reached within the proxy's 2.5M tokens)	scripts/e590_removed_speaker.py	results/e590_*.json	The removed speaker at scale: 30 words' write columns zeroed and frozen at step 8000, 600 proxy steps of Pile training (2.5M tokens), against random rows removed, nothing removed and the removal alone; substitutes, their rank at 8000, the loss at the classes
e591	41_six_directions	S110	refuted (recruitment is not a performance event; the direction is load-bearing before the row arrives)	scripts/e591_recruitment_matters.py	results/e591_*.json	Does recruitment matter for performance? 205 Pythia-410m words' classes with per-position loss aligned on recruitment (k = -4..+4) against token-matched positions outside every class, all positions and a random alignment; the row's direction removed at the class at k = -2..+2 against a random direction; the loss part on OLMo-1B (159 words)
e591b	41_six_directions	S110	narrowed (a single row's direction costs two to three times more at the class than elsewhere and becomes the most load-bearing single row only after recruitment)	scripts/e591b_removal_controls.py	results/e591b_*.json	The removal test with stronger controls: at k = -2 and +2 the eventual row's direction against a random other row, the strongest other row at the class, the row-free class direction, and the row's direction at the token-matched control positions
e591c	41_six_directions	S110	null (the null holds at the class's own loss level)	scripts/e591c_matched_controls.py	results/e591c_*.json	The loss-aligned test with controls matched on token and on the loss one checkpoint before recruitment (within 0.25 nats), and on the loss alone; both models
e592	41_six_directions	S110	superseded (a bad protocol; the audit is e592b)	scripts/e592_unlearning_audit.py	results/e592_*.json	The unlearning audit, first run: Pythia-160m, PubMed abstracts forgotten by gradient ascent or a uniform target at lr 1e-5, KL weight 1, 50-400 steps
e592b	41_six_directions	S110	narrowed (the writers are untouched and silenced at the forgotten classes; the share still writing tracks relearnability)	scripts/e592b_unlearning_bounded.py	results/e592b_*.json	The unlearning audit, bounded: the forget term capped, KL weight 5, lr 2e-06, eight conditions matched on the forget rise (0.5-4 nats) plus a drift control; rows' cosine and relative change, still-writing share, the KL split by blocks, relearning
e593	41_six_directions	S110	refuted (pruning helps whatever is pruned; S at 1500 ranks the recruits below average)	scripts/e593_guided_pruning.py	results/e593_*.json	Recruitment-guided pruning: the toy resumed at 1500 with 256 MLP neurons zeroed and frozen by their S at 1500 (lowest, highest, random, the lowest 384), four seeds
e593b	41_six_directions	S110	tool (summary)	scripts/e593b_pruning_summary.py	results/e593b_*.json	The twenty runs of e593 summarised per condition
e593c	41_six_directions	S110	refuted (S cannot guide the pruning before generalisation)	scripts/e593c_prune_later.py	results/e593c_*.json	e593 with the pruning at 3000 or 3500, by S at that step
e593d	41_six_directions	S110	tool (summary)	scripts/e593d_pruning_later_summary.py	results/e593d_*.json	The runs of e593c summarised per condition
e594	41_six_directions	S110	refuted (twins are not privileged anchors)	scripts/e594_twin_stitching.py	results/e594_*.json	Twin-based stitching: ridge maps from Pythia-160m block 6 into Pythia-410m block 12 fit on all positions, on 70 twinned classes' positions, on random positions of the same count, and on twin centroids; the stitched loss on held-out text
e595	41_six_directions	S110	narrowed (polysemanticity grows through training; the level is the grain's)	scripts/e595_superposition.py	results/e595_*.json	Superposition counts: row-free clusters at every checkpoint (K = 512; 128 and 2048 at 16000), the classes per word and rows per class; OLMo-1B at 8000 and 16000
e596	41_six_directions	S110	supported (the bias is the support's, not the refit's)	scripts/e596_magnitude_bias.py	results/e596_*.json	The magnitude bias: the MLP writes' exact coefficients at GPT-2 block 6 and Pythia-410m block 12 against the K = 64 decomposition over the full native dictionary; identified writes scored as in the paper; truncation, sign constraint, shrinkage and the oracle support
e597	42_audit_users	S111	narrowed (depth is read on the parameter side: the writers' activation and the rows' change, not the state's projection)	scripts/e597_unlearning_methods.py	results/e597_*.json	The unlearning audit across five methods (capped ascent, gradient difference, NPO, RMU, selective dampening) and a drift control, two forget domains, Pythia-160m and 410m, each stopped at a target forget rise; the audit with the writers' activation, the rows' change against same-norm rows, a logistic domain probe as baseline, and three attacks (relearning, benign relearning, 4-bit and 8-bit quantisation)
e597b	42_audit_users	S111	tool (summary)	scripts/e597b_audit_summary.py	results/e597b_*.json	The runs of e597 summarised: per-method signatures and the Spearman of every candidate predictor with every attack outcome
e600	42_audit_users	S111	established (fine-tuning recruits existing rows by feeding them differently)	scripts/e600_learning_audit.py	results/e600_*.json	The learning audit: Pythia-160m fine-tuned for one epoch on 640 Github or PubMed documents with all parameters, attention only, or MLP only; entrants among the domain's words, their rows' cosine, the collateral on control words
e601	42_audit_users	S111	superseded (the steps-back delay was a floor artefact: e618e, session 117)	scripts/e601_guided_unlearning.py	results/e601_*.json	WDD-guided unlearning: the forget writers' rows zeroed (against random rows, the retain writers, a wider net, a repaired version, and after capped ascent), with the audit and the attacks
e602	43_audit_baselines	S112	narrowed (a naive selection predicts relearnability about as well; the audit's substance is domain-selective neurons still firing)	scripts/e602_selection_baseline.py	results/e602_*.json	The naive-selection baseline with seeds: the five methods rerun on three model-domain pairs with six neuron sets tracked side by side (WDD writers at their classes and at all forget positions, WDD retain words, difference-, ratio- and magnitude-selected neurons, a random set, all neurons), the same attacks
e602b	43_audit_baselines	S112	tool (summary)	scripts/e602b_baseline_summary.py	results/e602b_*.json	The runs of e602 summarised: Spearman tables by model, domain and method; overlaps; seed agreement
e603	43_audit_baselines	S112	superseded (the steps-back delay was a floor artefact: e618e, session 117)	scripts/e603_separable.py	results/e603_*.json	Separable interventions, three seeds and two domains: capped ascent and RMU to +2 nats, each alone and followed by the writers' write columns zeroed, their inputs zeroed, random rows zeroed, or the difference-selected neurons' inputs zeroed; the attacks
e603b	43_audit_baselines	S112	tool (summary)	scripts/e603b_separable_summary.py	results/e603b_*.json	The runs of e603 summarised over seeds
e604	43_audit_baselines	S112	established (safety training recruits existing writers; benign fine-tuning erodes refusal with them still firing; the prefix jailbreaks did not move this model)	scripts/e604_refusal_audit.py	results/e604_*.json	The refusal audit on Qwen2.5-0.5B base and instruct: harmful-request writers' rows and activation across safety training, two prefix jailbreaks, one epoch of benign fine-tuning, a domain probe
e605	43_audit_baselines	S112	established (different rows for different domains; merging keeps both)	scripts/e605_merging_audit.py	results/e605_*.json	The merging audit: two domain fine-tunes of Pythia-160m averaged, added in full, each alone and at half strength, and sequential; the entrants followed
e606	43_audit_baselines	S112	narrowed (across compressions the damage tracks the silencing through severity; within one compression, across domains, it does not)	scripts/e606_compression_audit.py	results/e606_*.json	The compression audit on Pythia-410m: six domains, six compressions (8-bit, 4-bit in groups of 64 and 32, 3-bit, pruning 30% and 50%); per-domain damage against the domain's writers' activation and silenced share
e607	44_refusal_direction_rescue	S113	established (the writers mark the request; the refusal is carried by a direction they do not write)	scripts/e607_refusal_direction.py	results/e607_*.json	The refusal direction and its writers on Qwen2.5-0.5B and 1.5B instruct: the difference-of-means direction, its ablation at every block, its addition to harmless prompts, the harmful-class writers' rows' alignment with it and share of its MLP mass, and their activation under ablation
e608	44_refusal_direction_rescue	S113	superseded (the steps-back delay was a floor artefact: e618e, session 117)	scripts/e608_separable_410m.py	results/e608_*.json	The separable interventions at Pythia-410m, PubMed, three seeds, with the writers' activation logged through the unlearning
e608b	44_refusal_direction_rescue	S113	tool (summary)	scripts/e608b_separable_410m_summary.py	results/e608b_*.json	The runs of e608 summarised over seeds, with the trajectories
e609	44_refusal_direction_rescue	S113	refuted (restoring the writers does not restore the domain; the forgetting lives in the attention and the later blocks)	scripts/e609_writer_rescue.py	results/e609_*.json	Writer rescue: after capped ascent, NPO and RMU to +2 the forget loss with the writers', the naive sets', random or every MLP neuron's activations patched to the original's, and the reverse patch; Pythia-160m on two domains and Pythia-410m
e610	44_refusal_direction_rescue	S113	supported (the audit and its naive siblings hold at a third size)	scripts/e610_baseline_1b_summary.py	results/e610_*.json	The baseline of e602 at Pythia-1B (ascent, RMU, NPO; six neuron sets), summarised alone and pooled with the three sizes
e611	45_jlens_connection	S114	narrowed (the class map is the most faithful, by an estimate effect first and a conditioning effect second; a map of its class, worse elsewhere)	scripts/e611_class_descendants.py	results/e611_*.json	Class-conditioned descendants on Pythia-410m, blocks 4, 8 and 12: the raw row, the globally averaged Jacobian and the class-averaged Jacobian as predictions of a write's logit change, against the actual change at held-out class positions and outside the class
e612	45_jlens_connection	S114	supported (e607's verdict stands with transport)	scripts/e612_transported_writers.py	results/e612_*.json	Who writes the refusal readout with transport, Qwen2.5-0.5B-Instruct: each row transported to the direction's block by a Jacobian-vector product, the transported cosine and projection share, and the harmful-class writers silenced on the input side against random rows and the harmless-class writers
e613	46_auditor_sota	S115	null (the thresholded dictionary finds no forget domain; the rest of the bake-off stands)	scripts/e613_tofu_bakeoff.py	results/e613_*.json	The auditor bake-off on TOFU: Qwen2.5-0.5B fine-tuned on TOFU, forget10 unlearned by capped ascent, NPO and RMU to +1 and +2 nats, two seeds; eleven auditors (writers' activation, three naive sets, still-writing, probe, drift, KL, parameter change, membership AUC, forget rise) against relearning, benign and in-context attacks
e613b	46_auditor_sota	S115	null (the ranked writers fire at 0.99 to 1.00 after every method, nothing to read; KL 0.82 and drift 0.76 carry the signal, the membership test passes the shallowest method)	scripts/e613b_tofu_bakeoff_ranked.py	results/e613b_*.json	The bake-off with the 32 most forget-leaning words (mean forget share 0.62) in place of the thresholded set, and the 400 retain-eval pairs held out of the fine-tune so the membership test is members against non-members
e614	46_auditor_sota	S115	refuted (no prompt undoes a weight change on the Pile at 160m, 410m or 1B; the domain context deepens ascent and RMU, an off-domain context softens them)	scripts/e614_incontext_recovery.py	results/e614_*.json	In-context recovery: a 128-token forget-domain prefix against a retain-domain prefix, after capped ascent, NPO and RMU on Pythia-160m, 410m and 1B, PubMed and Github; the writers' activation in context
e616	46_auditor_sota	S115	established (a usable rule for the share recovered, not for the steps taken)	scripts/e616_audit_transfer.py	results/e616_*.json	Does an auditor's threshold transfer across methods: AUC and leave-one-method-out accuracy of ten candidate auditors over the 63 conditions of e602 and e610, for two definitions of shallow
e617	47_heldout_test	S116	tool (the conditions the held-out scoring reads)	scripts/e617_heldout.py	results/e617_*.json	The held-out runs: the e602 bake-off on StackExchange, Wikipedia, USPTO, FreeLaw and DM Mathematics at 160m, on Qwen2.5-0.5B (PubMed, Github), at 410m (StackExchange), with the held-out methods tv and scrub, KL and drift recorded, and matched-budget silencing at +2
e617a	47_heldout_test	S116	tool (the rules e617b scores)	scripts/e617a_prereg.py	results/e617a_*.json	The pre-registration: the fixed cut of every candidate auditor on the 63 training conditions, and six honest guesses, written before the first held-out launch
e617b	47_heldout_test	S116	refuted (the rule does not travel at the fixed cut)	scripts/e617b_heldout_analysis.py	results/e617b_*.json	The scoring: fixed-rule accuracy and AUC per held-out group, the incremental test against the forget rise, KL and drift (leave-one-domain-out), the silencing comparison
e618a	48_stats_controls_perword	S117	established (the intervals; the naive set is ahead on the held-out domains)	scripts/e618a_stats.py	results/e618a_*.json	The statistics of the held-out test: cluster-bootstrap intervals over jobs for every auditor's AUC and for the difference-selected-minus-writers gap, the incremental gain over the forget rise, KL and drift, a recovery-magnitude regression, and the exploratory normalised score
e618b	48_stats_controls_perword	S117	mixed (one of the two selectivity controls failed)	scripts/e618b_controls.py	results/e618b_*.json	The controls the silencing test lacked: seven neuron sets silenced at their inputs after the gradient methods at +2, including an active-but-not-selective set, the retain words' writers and the union
e618c	48_stats_controls_perword	S117	refuted (per-word activation does not predict per-word recovery)	scripts/e618c_perword.py	results/e618c_*.json	Does the dictionary localise: per forget word, the writer's activation ratio against the share of the word's loss rise a 20-step relearning recovers, with the naive sets read at the same positions
e618d	48_stats_controls_perword	S117	tool (the scorer)	scripts/e618d_controls_perword_analysis.py	results/e618d_*.json	The scoring of e618b and e618c against the pre-registered C1 to C3 and W1, W2, with the floor-corrected view
e618e	48_stats_controls_perword	S117	established (the silencing delay was a floor artefact; floor-corrected, silencing the writers blocks little)	scripts/e618e_floors.py	results/e618e_*.json	The floors: the original model with each silenced set's inputs zeroed and no unlearning, for every silenced condition of e617 and e618b; the steps-back criterion re-read against them
e619	49_parameter_side	S118	mixed	scripts/e619_native_diffing.py	results/e619_*.json	Native model diffing with row identity: the 256 most-used rows of Qwen2.5-0.5B base and instruct on the same prompts; the instruct-only rows' change, their writes, and refusal after zeroing their inputs against shared words, random rows and base-only words
e620	49_parameter_side	S118	established (one weight row flips the attribute at no cost)	scripts/e620_row_edit.py	results/e620_*.json	Parameter-identified concept editing: the block-4 gender row of e477, found again by vote, edited in the weights (zeroed, negated, doubled, inputs silenced) against eight random rows of the same block; e473's kinship items
e621	49_parameter_side	S118	refuted (the penalty costs more loss than it saves rows)	scripts/e621_ledger_finetune.py	results/e621_*.json	Self-describing by construction: Pythia-160m fine-tuned with the next-token loss plus a ledger penalty (the effective number of MLP writes at the middle block), against a control fine-tune; the own-word edge before and after
e622	50_attribute_catalogue	S119	supported (dominant rows exist for most attributes; the flips on held-out templates are partial)	scripts/e622_attribute_catalogue.py	results/e622_*.json	The attribute catalogue, predict first and edit second: four attributes in three languages, the dictionary's voted row per attribute edited in the weights (negated, zeroed, doubled) against the activation-difference neuron and eight random rows; discovery and held-out templates, cross-attribute collateral, Pile damage against the class and activation predictions; Qwen2.5-0.5B and 1.5B-Instruct
